"","Studentnummer","Studiepunten","Vooropleiding"
"658",3000364,0,"Nederlands"
"1020",3000372,57,"buitenlands"
"948",3000548,12,"Nederlands"
"1453",3000715,0,"buitenlands"
"611",3000964,42,"Nederlands"
"315",3001081,48,"Nederlands"
"1421",3001192,0,"buitenlands"
"1464",3001803,0,"buitenlands"
"1338",3002896,12,"buitenlands"
"940",3004506,0,"Nederlands"
"1500",3004977,12,"buitenlands"
"384",3005530,60,"Nederlands"
"376",3005792,60,"Nederlands"
"301",3007134,60,"Nederlands"
"362",3008426,48,"Nederlands"
"609",3009605,42,"Nederlands"
"1150",3009647,36,"buitenlands"
"268",3010150,45,"Nederlands"
"821",3010814,0,"Nederlands"
"337",3011226,63,"Nederlands"
"720",3011513,6,"Nederlands"
"1102",3012286,33,"buitenlands"
"659",3012388,6,"Nederlands"
"349",3012812,60,"Nederlands"
"1419",3012902,6,"buitenlands"
"195",3013621,63,"Nederlands"
"381",3013986,66,"Nederlands"
"1289",3015335,0,"buitenlands"
"943",3016513,12,"Nederlands"
"1042",3016780,54,"buitenlands"
"1190",3018845,33,"buitenlands"
"548",3019154,48,"Nederlands"
"210",3019552,51,"Nederlands"
"1294",3020080,0,"buitenlands"
"521",3021539,24,"Nederlands"
"214",3022590,51,"Nederlands"
"781",3023469,0,"Nederlands"
"957",3023785,54,"buitenlands"
"875",3024026,6,"Nederlands"
"511",3025181,54,"Nederlands"
"804",3026495,12,"Nederlands"
"1066",3027320,54,"buitenlands"
"1328",3027416,0,"buitenlands"
"1226",3027570,12,"buitenlands"
"1103",3028342,30,"buitenlands"
"750",3029231,6,"Nederlands"
"685",3029912,6,"Nederlands"
"1384",3031369,6,"buitenlands"
"431",3031816,51,"Nederlands"
"922",3032008,0,"Nederlands"
"719",3032273,0,"Nederlands"
"1336",3033130,6,"buitenlands"
"394",3033217,48,"Nederlands"
"959",3033382,66,"buitenlands"
"676",3033896,12,"Nederlands"
"1116",3034106,45,"buitenlands"
"934",3035342,0,"Nederlands"
"987",3037034,60,"buitenlands"
"134",3037373,54,"Nederlands"
"53",3037681,66,"Nederlands"
"863",3038693,0,"Nederlands"
"369",3039748,57,"Nederlands"
"551",3039996,24,"Nederlands"
"296",3040102,57,"Nederlands"
"1331",3040720,6,"buitenlands"
"456",3040733,45,"Nederlands"
"1318",3041238,6,"buitenlands"
"1130",3041646,39,"buitenlands"
"930",3041857,0,"Nederlands"
"1032",3041933,66,"buitenlands"
"310",3042924,51,"Nederlands"
"638",3043322,27,"Nederlands"
"1320",3045776,6,"buitenlands"
"190",3046120,51,"Nederlands"
"841",3046237,0,"Nederlands"
"367",3046613,66,"Nederlands"
"1417",3047034,0,"buitenlands"
"1499",3048524,6,"buitenlands"
"1019",3049025,66,"buitenlands"
"984",3049189,66,"buitenlands"
"1310",3049541,6,"buitenlands"
"412",3050637,51,"Nederlands"
"340",3051457,45,"Nederlands"
"1106",3051459,48,"buitenlands"
"407",3052118,57,"Nederlands"
"652",3052464,6,"Nederlands"
"94",3055326,39,"Nederlands"
"329",3057120,36,"Nederlands"
"861",3057364,6,"Nederlands"
"523",3057475,30,"Nederlands"
"159",3058332,57,"Nederlands"
"1035",3058589,45,"buitenlands"
"1203",3058745,6,"buitenlands"
"47",3058854,51,"Nederlands"
"837",3059268,0,"Nederlands"
"1363",3059675,0,"buitenlands"
"1001",3060940,60,"buitenlands"
"966",3060981,54,"buitenlands"
"969",3061382,60,"buitenlands"
"96",3062011,60,"Nederlands"
"1324",3062377,6,"buitenlands"
"660",3062719,0,"Nederlands"
"141",3063522,66,"Nederlands"
"457",3063637,45,"Nederlands"
"100",3064009,57,"Nederlands"
"767",3065629,0,"Nederlands"
"447",3068691,60,"Nederlands"
"1390",3068739,6,"buitenlands"
"478",3069086,39,"Nederlands"
"31",3069186,57,"Nederlands"
"468",3069227,54,"Nederlands"
"1290",3069395,0,"buitenlands"
"894",3071139,6,"Nederlands"
"8",3071412,54,"Nederlands"
"1437",3072123,0,"buitenlands"
"19",3072664,45,"Nederlands"
"294",3073057,48,"Nederlands"
"398",3073325,54,"Nederlands"
"1356",3073508,0,"buitenlands"
"644",3073686,51,"Nederlands"
"1060",3073825,42,"buitenlands"
"528",3074739,45,"Nederlands"
"275",3075277,57,"Nederlands"
"604",3077160,45,"Nederlands"
"754",3078018,12,"Nederlands"
"153",3078450,60,"Nederlands"
"895",3078588,0,"Nederlands"
"33",3079166,57,"Nederlands"
"450",3080347,60,"Nederlands"
"832",3080684,6,"Nederlands"
"1074",3083975,60,"buitenlands"
"1313",3086073,6,"buitenlands"
"1180",3086089,39,"buitenlands"
"207",3087662,60,"Nederlands"
"101",3087765,54,"Nederlands"
"1373",3087887,18,"buitenlands"
"326",3088142,51,"Nederlands"
"341",3088306,51,"Nederlands"
"465",3088653,30,"Nederlands"
"399",3089006,60,"Nederlands"
"762",3089386,6,"Nederlands"
"250",3090006,60,"Nederlands"
"261",3090150,54,"Nederlands"
"360",3090157,63,"Nederlands"
"115",3091072,60,"Nederlands"
"501",3091237,30,"Nederlands"
"1399",3091307,0,"buitenlands"
"924",3092558,6,"Nederlands"
"575",3092564,48,"Nederlands"
"1044",3092679,60,"buitenlands"
"475",3093725,57,"Nederlands"
"693",3094594,6,"Nederlands"
"1492",3095248,0,"buitenlands"
"907",3095392,6,"Nederlands"
"438",3096949,45,"Nederlands"
"794",3097964,6,"Nederlands"
"29",3098519,45,"Nederlands"
"20",3098627,48,"Nederlands"
"522",3098812,42,"Nederlands"
"411",3099464,45,"Nederlands"
"87",3099498,51,"Nederlands"
"1314",3100063,12,"buitenlands"
"1227",3101171,0,"buitenlands"
"497",3101351,57,"Nederlands"
"763",3101748,0,"Nederlands"
"460",3102545,30,"Nederlands"
"1476",3102625,0,"buitenlands"
"927",3103528,12,"Nederlands"
"835",3104100,6,"Nederlands"
"400",3105559,54,"Nederlands"
"304",3105883,48,"Nederlands"
"145",3106413,60,"Nederlands"
"1154",3106649,36,"buitenlands"
"383",3106670,60,"Nederlands"
"878",3107708,6,"Nederlands"
"1108",3108751,45,"buitenlands"
"1094",3109018,60,"buitenlands"
"992",3109061,54,"buitenlands"
"999",3109360,51,"buitenlands"
"440",3110465,39,"Nederlands"
"55",3110837,54,"Nederlands"
"1099",3112482,54,"buitenlands"
"1228",3112984,6,"buitenlands"
"1378",3113070,6,"buitenlands"
"392",3113088,57,"Nederlands"
"692",3114462,12,"Nederlands"
"565",3115025,36,"Nederlands"
"1193",3115446,42,"buitenlands"
"416",3115567,57,"Nederlands"
"1178",3115876,27,"buitenlands"
"1146",3116542,51,"buitenlands"
"187",3116998,48,"Nederlands"
"641",3118009,48,"Nederlands"
"737",3118336,0,"Nederlands"
"560",3118967,42,"Nederlands"
"128",3118975,60,"Nederlands"
"1046",3119288,54,"buitenlands"
"396",3119593,51,"Nederlands"
"370",3120391,45,"Nederlands"
"636",3120802,33,"Nederlands"
"226",3121249,63,"Nederlands"
"780",3121480,0,"Nederlands"
"292",3121617,42,"Nederlands"
"711",3122674,6,"Nederlands"
"1128",3125243,39,"buitenlands"
"172",3125442,48,"Nederlands"
"1330",3125846,12,"buitenlands"
"931",3126014,6,"Nederlands"
"1018",3126138,51,"buitenlands"
"169",3126794,60,"Nederlands"
"48",3127317,60,"Nederlands"
"213",3127459,54,"Nederlands"
"679",3127610,0,"Nederlands"
"1233",3128259,6,"buitenlands"
"462",3128400,48,"Nederlands"
"103",3128913,63,"Nederlands"
"21",3129517,54,"Nederlands"
"1306",3130045,0,"buitenlands"
"801",3130842,6,"Nederlands"
"500",3130989,27,"Nederlands"
"361",3131956,48,"Nederlands"
"695",3133208,0,"Nederlands"
"267",3134037,60,"Nederlands"
"603",3135128,45,"Nederlands"
"1455",3135373,6,"buitenlands"
"866",3137165,12,"Nederlands"
"1172",3137613,57,"buitenlands"
"601",3139226,48,"Nederlands"
"965",3140359,54,"buitenlands"
"1250",3140742,6,"buitenlands"
"1275",3142502,0,"buitenlands"
"597",3143498,42,"Nederlands"
"1311",3143768,0,"buitenlands"
"320",3144782,45,"Nederlands"
"62",3144923,60,"Nederlands"
"1309",3145399,6,"buitenlands"
"890",3146439,0,"Nederlands"
"944",3146624,0,"Nederlands"
"83",3148870,48,"Nederlands"
"143",3148929,36,"Nederlands"
"919",3149041,0,"Nederlands"
"1454",3149210,0,"buitenlands"
"144",3149750,63,"Nederlands"
"1249",3150023,0,"buitenlands"
"869",3150058,0,"Nederlands"
"114",3150390,66,"Nederlands"
"455",3150614,39,"Nederlands"
"1483",3151123,6,"buitenlands"
"846",3151142,0,"Nederlands"
"888",3151170,6,"Nederlands"
"531",3151551,21,"Nederlands"
"1342",3151907,6,"buitenlands"
"317",3155380,54,"Nederlands"
"790",3157239,0,"Nederlands"
"559",3157669,48,"Nederlands"
"848",3158068,0,"Nederlands"
"1000",3158342,42,"buitenlands"
"1415",3159802,6,"buitenlands"
"1002",3160848,45,"buitenlands"
"1388",3161255,0,"buitenlands"
"188",3161844,63,"Nederlands"
"1304",3162579,6,"buitenlands"
"854",3162695,0,"Nederlands"
"546",3163902,48,"Nederlands"
"1371",3164280,0,"buitenlands"
"206",3165563,63,"Nederlands"
"219",3165913,54,"Nederlands"
"444",3166840,57,"Nederlands"
"938",3167019,0,"Nederlands"
"905",3169039,6,"Nederlands"
"1109",3169399,48,"buitenlands"
"238",3170045,57,"Nederlands"
"735",3172460,6,"Nederlands"
"855",3173504,0,"Nederlands"
"1101",3174068,36,"buitenlands"
"442",3174394,48,"Nederlands"
"1105",3175882,54,"buitenlands"
"1438",3176332,0,"buitenlands"
"1120",3176356,39,"buitenlands"
"1248",3177704,6,"buitenlands"
"508",3179251,48,"Nederlands"
"1473",3179522,12,"buitenlands"
"1459",3179665,6,"buitenlands"
"223",3180107,63,"Nederlands"
"740",3180798,18,"Nederlands"
"1441",3181072,0,"buitenlands"
"747",3181964,0,"Nederlands"
"718",3182100,0,"Nederlands"
"1092",3183349,66,"buitenlands"
"1196",3183533,24,"buitenlands"
"26",3184442,66,"Nederlands"
"779",3186007,0,"Nederlands"
"252",3187291,60,"Nederlands"
"1152",3187417,27,"buitenlands"
"34",3190014,45,"Nederlands"
"579",3190785,33,"Nederlands"
"1392",3191911,6,"buitenlands"
"132",3192711,57,"Nederlands"
"1276",3193117,0,"buitenlands"
"646",3193665,33,"Nederlands"
"106",3195908,60,"Nederlands"
"649",3196471,54,"Nederlands"
"198",3199103,54,"Nederlands"
"1374",3199232,0,"buitenlands"
"147",3199611,51,"Nederlands"
"494",3200026,45,"Nederlands"
"635",3200510,33,"Nederlands"
"138",3201107,63,"Nederlands"
"561",3201201,36,"Nederlands"
"1340",3201564,12,"buitenlands"
"375",3202562,66,"Nederlands"
"316",3203557,63,"Nederlands"
"342",3203815,51,"Nederlands"
"525",3203945,21,"Nederlands"
"1025",3204328,51,"buitenlands"
"1216",3204754,0,"buitenlands"
"453",3206035,36,"Nederlands"
"1487",3207026,12,"buitenlands"
"402",3207443,42,"Nederlands"
"441",3207831,60,"Nederlands"
"978",3208337,42,"buitenlands"
"544",3208879,39,"Nederlands"
"862",3209181,6,"Nederlands"
"814",3209188,6,"Nederlands"
"97",3209976,57,"Nederlands"
"1494",3210495,18,"buitenlands"
"1138",3211856,33,"buitenlands"
"1194",3212014,24,"buitenlands"
"1386",3212579,0,"buitenlands"
"775",3213448,6,"Nederlands"
"791",3213741,12,"Nederlands"
"554",3215002,42,"Nederlands"
"418",3215698,45,"Nederlands"
"792",3215849,6,"Nederlands"
"850",3215958,6,"Nederlands"
"417",3216693,57,"Nederlands"
"530",3218008,30,"Nederlands"
"1246",3218025,0,"buitenlands"
"1412",3218484,6,"buitenlands"
"1322",3218538,6,"buitenlands"
"50",3218810,57,"Nederlands"
"786",3219091,6,"Nederlands"
"766",3219355,6,"Nederlands"
"870",3220129,6,"Nederlands"
"748",3220151,0,"Nederlands"
"1119",3220214,51,"buitenlands"
"626",3220599,51,"Nederlands"
"733",3220722,6,"Nederlands"
"274",3221026,63,"Nederlands"
"925",3221227,0,"Nederlands"
"1497",3222441,12,"buitenlands"
"403",3222881,51,"Nederlands"
"812",3222901,12,"Nederlands"
"200",3223065,57,"Nederlands"
"307",3223770,60,"Nederlands"
"1075",3223845,51,"buitenlands"
"1285",3225531,6,"buitenlands"
"76",3225799,60,"Nederlands"
"970",3226386,54,"buitenlands"
"661",3226390,12,"Nederlands"
"331",3228105,66,"Nederlands"
"1472",3229037,0,"buitenlands"
"1461",3229556,6,"buitenlands"
"933",3229863,0,"Nederlands"
"760",3230049,6,"Nederlands"
"885",3230120,0,"Nederlands"
"136",3230525,48,"Nederlands"
"789",3230540,6,"Nederlands"
"1159",3230757,48,"buitenlands"
"696",3231268,6,"Nederlands"
"1049",3231690,48,"buitenlands"
"291",3233398,48,"Nederlands"
"1068",3233693,57,"buitenlands"
"217",3233814,57,"Nederlands"
"899",3234616,6,"Nederlands"
"721",3234618,6,"Nederlands"
"1398",3234694,0,"buitenlands"
"1414",3235601,12,"buitenlands"
"562",3235972,36,"Nederlands"
"1355",3236200,6,"buitenlands"
"12",3236751,48,"Nederlands"
"163",3236995,54,"Nederlands"
"1065",3237004,66,"buitenlands"
"903",3237080,6,"Nederlands"
"150",3237441,48,"Nederlands"
"1199",3237913,36,"buitenlands"
"283",3238312,60,"Nederlands"
"1379",3239323,0,"buitenlands"
"241",3241029,63,"Nederlands"
"1008",3241756,60,"buitenlands"
"936",3242689,6,"Nederlands"
"295",3243255,54,"Nederlands"
"1234",3244363,0,"buitenlands"
"1112",3246059,30,"buitenlands"
"1366",3246959,0,"buitenlands"
"1079",3247124,54,"buitenlands"
"414",3247516,63,"Nederlands"
"572",3247662,39,"Nederlands"
"259",3247673,42,"Nederlands"
"1491",3248130,12,"buitenlands"
"1004",3248586,45,"buitenlands"
"1236",3248671,6,"buitenlands"
"710",3248915,6,"Nederlands"
"1055",3250131,66,"buitenlands"
"489",3250958,39,"Nederlands"
"1023",3252672,48,"buitenlands"
"364",3253539,36,"Nederlands"
"319",3254350,60,"Nederlands"
"946",3254959,0,"Nederlands"
"877",3256302,6,"Nederlands"
"164",3256415,60,"Nederlands"
"550",3256607,51,"Nederlands"
"265",3256666,57,"Nederlands"
"553",3257109,57,"Nederlands"
"1308",3258486,6,"buitenlands"
"1282",3259179,6,"buitenlands"
"1007",3259812,63,"buitenlands"
"130",3260396,57,"Nederlands"
"125",3261245,60,"Nederlands"
"56",3261423,54,"Nederlands"
"847",3262344,12,"Nederlands"
"1247",3262872,6,"buitenlands"
"932",3263011,6,"Nederlands"
"726",3263428,0,"Nederlands"
"464",3265124,42,"Nederlands"
"303",3265559,48,"Nederlands"
"1141",3268143,60,"buitenlands"
"980",3270196,36,"buitenlands"
"715",3270497,6,"Nederlands"
"420",3270741,51,"Nederlands"
"1113",3270784,51,"buitenlands"
"519",3271893,45,"Nederlands"
"1243",3272174,6,"buitenlands"
"1206",3272419,0,"buitenlands"
"836",3272589,12,"Nederlands"
"1222",3272601,6,"buitenlands"
"86",3272772,51,"Nederlands"
"620",3272951,48,"Nederlands"
"818",3275444,0,"Nederlands"
"678",3275448,6,"Nederlands"
"1445",3276093,0,"buitenlands"
"502",3278111,15,"Nederlands"
"1198",3280896,45,"buitenlands"
"365",3281101,60,"Nederlands"
"279",3281162,48,"Nederlands"
"994",3282604,48,"buitenlands"
"515",3282803,42,"Nederlands"
"1132",3283404,33,"buitenlands"
"823",3283780,6,"Nederlands"
"58",3284637,60,"Nederlands"
"192",3284812,57,"Nederlands"
"165",3285720,66,"Nederlands"
"421",3287021,66,"Nederlands"
"1346",3287447,0,"buitenlands"
"477",3287752,42,"Nederlands"
"461",3287777,30,"Nederlands"
"1026",3288552,48,"buitenlands"
"30",3288723,63,"Nederlands"
"860",3289714,12,"Nederlands"
"576",3290504,21,"Nederlands"
"595",3291003,36,"Nederlands"
"809",3291289,6,"Nederlands"
"1406",3291551,0,"buitenlands"
"602",3292809,45,"Nederlands"
"532",3292882,30,"Nederlands"
"1444",3294332,0,"buitenlands"
"730",3294422,6,"Nederlands"
"833",3294520,18,"Nederlands"
"1361",3295379,0,"buitenlands"
"651",3295432,24,"Nederlands"
"504",3295603,33,"Nederlands"
"1217",3295727,6,"buitenlands"
"776",3296154,0,"Nederlands"
"120",3296179,63,"Nederlands"
"1300",3296911,12,"buitenlands"
"42",3297341,57,"Nederlands"
"1081",3298145,54,"buitenlands"
"108",3300589,57,"Nederlands"
"1359",3300677,6,"buitenlands"
"926",3300915,6,"Nederlands"
"1268",3302195,12,"buitenlands"
"807",3303668,6,"Nederlands"
"736",3304188,0,"Nederlands"
"1469",3304271,0,"buitenlands"
"743",3305439,0,"Nederlands"
"199",3305564,48,"Nederlands"
"677",3306152,12,"Nederlands"
"333",3306576,48,"Nederlands"
"759",3307178,0,"Nederlands"
"859",3307434,0,"Nederlands"
"324",3307778,51,"Nederlands"
"1393",3308231,6,"buitenlands"
"1143",3308665,54,"buitenlands"
"746",3309052,0,"Nederlands"
"258",3309846,51,"Nederlands"
"70",3311053,57,"Nederlands"
"541",3311260,45,"Nederlands"
"1457",3311671,0,"buitenlands"
"354",3311878,57,"Nederlands"
"299",3312369,63,"Nederlands"
"344",3312392,66,"Nederlands"
"1387",3312921,0,"buitenlands"
"506",3314169,42,"Nederlands"
"271",3314210,54,"Nederlands"
"137",3315521,63,"Nederlands"
"729",3316662,0,"Nederlands"
"816",3316667,6,"Nederlands"
"535",3316897,36,"Nederlands"
"1462",3318369,6,"buitenlands"
"90",3321114,60,"Nederlands"
"849",3321371,0,"Nederlands"
"732",3324310,6,"Nederlands"
"734",3324344,6,"Nederlands"
"1117",3325472,39,"buitenlands"
"1244",3326033,0,"buitenlands"
"476",3329080,51,"Nederlands"
"974",3330579,45,"buitenlands"
"1364",3332790,0,"buitenlands"
"1467",3335490,12,"buitenlands"
"723",3335945,6,"Nederlands"
"156",3336686,42,"Nederlands"
"1084",3338424,51,"buitenlands"
"1225",3339632,0,"buitenlands"
"18",3339985,66,"Nederlands"
"915",3339990,6,"Nederlands"
"52",3340165,63,"Nederlands"
"2",3342020,63,"Nederlands"
"1416",3342639,0,"buitenlands"
"578",3343062,39,"Nederlands"
"1161",3343138,30,"buitenlands"
"996",3343171,60,"buitenlands"
"642",3343674,33,"Nederlands"
"1181",3344084,48,"buitenlands"
"422",3344719,60,"Nederlands"
"233",3345922,54,"Nederlands"
"148",3346756,60,"Nederlands"
"1071",3346802,42,"buitenlands"
"1477",3348408,0,"buitenlands"
"116",3349279,66,"Nederlands"
"488",3349553,36,"Nederlands"
"239",3349970,60,"Nederlands"
"929",3350707,12,"Nederlands"
"1211",3351434,0,"buitenlands"
"634",3351627,51,"Nederlands"
"1287",3351850,6,"buitenlands"
"935",3353015,6,"Nederlands"
"689",3353058,6,"Nederlands"
"954",3353412,57,"buitenlands"
"98",3353520,63,"Nederlands"
"428",3353899,54,"Nederlands"
"520",3354609,27,"Nederlands"
"539",3354819,48,"Nederlands"
"1174",3355300,45,"buitenlands"
"684",3355428,0,"Nederlands"
"212",3355943,54,"Nederlands"
"1402",3356050,0,"buitenlands"
"1038",3356747,45,"buitenlands"
"300",3357215,39,"Nederlands"
"1299",3357366,12,"buitenlands"
"529",3358218,42,"Nederlands"
"547",3359354,36,"Nederlands"
"1003",3359440,54,"buitenlands"
"513",3360368,45,"Nederlands"
"570",3360746,36,"Nederlands"
"838",3361111,0,"Nederlands"
"1498",3363096,6,"buitenlands"
"16",3363468,60,"Nederlands"
"273",3363778,54,"Nederlands"
"257",3364629,63,"Nederlands"
"1039",3364669,57,"buitenlands"
"881",3364985,0,"Nederlands"
"655",3365324,0,"Nederlands"
"1131",3366150,63,"buitenlands"
"166",3366468,57,"Nederlands"
"313",3367129,57,"Nederlands"
"614",3367245,48,"Nederlands"
"1480",3367320,0,"buitenlands"
"1394",3368269,12,"buitenlands"
"72",3369371,51,"Nederlands"
"196",3369822,51,"Nederlands"
"1022",3370747,66,"buitenlands"
"1011",3370909,54,"buitenlands"
"858",3376205,12,"Nederlands"
"243",3377386,57,"Nederlands"
"503",3377550,45,"Nederlands"
"722",3377900,12,"Nederlands"
"749",3378066,0,"Nederlands"
"1369",3378794,0,"buitenlands"
"656",3380259,0,"Nederlands"
"1295",3380614,6,"buitenlands"
"1053",3381033,63,"buitenlands"
"526",3381578,51,"Nederlands"
"566",3381596,45,"Nederlands"
"892",3382143,0,"Nederlands"
"1192",3382194,33,"buitenlands"
"997",3382335,66,"buitenlands"
"71",3382373,60,"Nederlands"
"415",3383165,54,"Nederlands"
"672",3383193,0,"Nederlands"
"537",3383247,45,"Nederlands"
"1298",3384271,6,"buitenlands"
"1096",3385128,66,"buitenlands"
"1440",3385488,0,"buitenlands"
"1183",3386634,45,"buitenlands"
"824",3388443,0,"Nederlands"
"1319",3388513,0,"buitenlands"
"493",3388958,39,"Nederlands"
"1167",3389508,33,"buitenlands"
"631",3389535,42,"Nederlands"
"1126",3389991,39,"buitenlands"
"664",3391000,6,"Nederlands"
"834",3391327,12,"Nederlands"
"688",3391932,0,"Nederlands"
"92",3392388,45,"Nederlands"
"1465",3392885,6,"buitenlands"
"242",3393446,54,"Nederlands"
"366",3393546,63,"Nederlands"
"674",3393863,0,"Nederlands"
"278",3394566,60,"Nederlands"
"581",3395095,39,"Nederlands"
"430",3396009,60,"Nederlands"
"487",3396242,33,"Nederlands"
"982",3396852,48,"buitenlands"
"514",3397507,45,"Nederlands"
"1187",3398366,54,"buitenlands"
"1077",3399711,57,"buitenlands"
"1064",3400506,51,"buitenlands"
"186",3400681,42,"Nederlands"
"1383",3400968,12,"buitenlands"
"350",3401377,48,"Nederlands"
"717",3401490,6,"Nederlands"
"194",3401936,42,"Nederlands"
"1420",3403015,0,"buitenlands"
"1145",3404194,45,"buitenlands"
"105",3404592,60,"Nederlands"
"1293",3405386,0,"buitenlands"
"868",3405957,12,"Nederlands"
"1401",3407836,6,"buitenlands"
"61",3408025,63,"Nederlands"
"613",3408697,51,"Nederlands"
"923",3408949,12,"Nederlands"
"822",3409051,6,"Nederlands"
"518",3409431,54,"Nederlands"
"49",3411220,54,"Nederlands"
"1202",3412181,0,"buitenlands"
"826",3413866,0,"Nederlands"
"197",3414372,63,"Nederlands"
"1430",3415821,6,"buitenlands"
"253",3416256,51,"Nederlands"
"756",3417099,0,"Nederlands"
"985",3417982,57,"buitenlands"
"713",3419181,6,"Nederlands"
"1177",3419216,45,"buitenlands"
"1122",3419220,36,"buitenlands"
"40",3420196,63,"Nederlands"
"1351",3421245,18,"buitenlands"
"401",3423081,48,"Nederlands"
"1377",3423089,0,"buitenlands"
"1450",3423546,6,"buitenlands"
"623",3423874,36,"Nederlands"
"1052",3423955,54,"buitenlands"
"1433",3424081,0,"buitenlands"
"25",3425382,54,"Nederlands"
"1447",3425418,0,"buitenlands"
"886",3426948,18,"Nederlands"
"587",3427086,42,"Nederlands"
"451",3427464,51,"Nederlands"
"632",3427519,39,"Nederlands"
"220",3427680,54,"Nederlands"
"142",3428205,51,"Nederlands"
"1048",3428375,33,"buitenlands"
"770",3428378,0,"Nederlands"
"484",3428742,42,"Nederlands"
"953",3429227,60,"buitenlands"
"1335",3430503,12,"buitenlands"
"1296",3430755,0,"buitenlands"
"622",3430900,54,"Nederlands"
"1323",3432121,6,"buitenlands"
"372",3432668,51,"Nederlands"
"1339",3433950,0,"buitenlands"
"704",3434693,6,"Nederlands"
"1010",3434926,51,"buitenlands"
"452",3435866,36,"Nederlands"
"840",3436333,6,"Nederlands"
"986",3437864,39,"buitenlands"
"819",3438238,12,"Nederlands"
"1349",3439183,0,"buitenlands"
"590",3440355,51,"Nederlands"
"3",3441937,60,"Nederlands"
"505",3442184,30,"Nederlands"
"1124",3442308,39,"buitenlands"
"211",3442586,48,"Nederlands"
"643",3442616,45,"Nederlands"
"1095",3444199,66,"buitenlands"
"490",3444520,45,"Nederlands"
"701",3444572,6,"Nederlands"
"774",3444836,6,"Nederlands"
"246",3447244,63,"Nederlands"
"91",3447368,42,"Nederlands"
"1471",3447734,0,"buitenlands"
"728",3447941,6,"Nederlands"
"1147",3448163,24,"buitenlands"
"1006",3448712,48,"buitenlands"
"45",3449313,48,"Nederlands"
"1411",3449884,6,"buitenlands"
"1478",3450517,12,"buitenlands"
"1045",3450685,63,"buitenlands"
"793",3450790,0,"Nederlands"
"945",3450837,6,"Nederlands"
"1405",3451993,6,"buitenlands"
"174",3452135,60,"Nederlands"
"1210",3452835,6,"buitenlands"
"175",3453030,60,"Nederlands"
"22",3453341,45,"Nederlands"
"1016",3456445,57,"buitenlands"
"1134",3456653,36,"buitenlands"
"1214",3456807,0,"buitenlands"
"486",3456822,42,"Nederlands"
"102",3457394,54,"Nederlands"
"244",3457778,54,"Nederlands"
"1051",3459193,54,"buitenlands"
"1129",3460421,48,"buitenlands"
"424",3461216,60,"Nederlands"
"419",3462249,57,"Nederlands"
"1213",3462540,18,"buitenlands"
"1121",3462711,42,"buitenlands"
"608",3463089,45,"Nederlands"
"1072",3463308,66,"buitenlands"
"912",3463406,0,"Nederlands"
"1448",3465711,6,"buitenlands"
"382",3466446,57,"Nederlands"
"160",3466588,63,"Nederlands"
"1277",3468846,6,"buitenlands"
"1488",3468885,6,"buitenlands"
"472",3469451,30,"Nederlands"
"584",3470860,36,"Nederlands"
"705",3471127,0,"Nederlands"
"1403",3471446,0,"buitenlands"
"605",3473818,60,"Nederlands"
"1024",3473980,60,"buitenlands"
"263",3474888,63,"Nederlands"
"1237",3474989,6,"buitenlands"
"1385",3475021,6,"buitenlands"
"1176",3475599,36,"buitenlands"
"230",3477196,63,"Nederlands"
"1090",3478662,51,"buitenlands"
"269",3480723,54,"Nederlands"
"1432",3481201,0,"buitenlands"
"408",3482291,66,"Nederlands"
"1093",3482425,54,"buitenlands"
"874",3482940,6,"Nederlands"
"358",3484806,60,"Nederlands"
"225",3485443,45,"Nederlands"
"852",3485729,0,"Nederlands"
"1239",3486042,0,"buitenlands"
"321",3487165,45,"Nederlands"
"426",3487623,60,"Nederlands"
"800",3489190,0,"Nederlands"
"853",3489526,12,"Nederlands"
"1360",3489643,0,"buitenlands"
"1097",3489796,48,"buitenlands"
"189",3491074,66,"Nederlands"
"640",3492024,36,"Nederlands"
"17",3493223,60,"Nederlands"
"1232",3493575,0,"buitenlands"
"1372",3494861,0,"buitenlands"
"691",3497254,0,"Nederlands"
"1175",3499358,30,"buitenlands"
"312",3499844,57,"Nederlands"
"1344",3500438,6,"buitenlands"
"1195",3500884,36,"buitenlands"
"1009",3502597,57,"buitenlands"
"355",3505278,54,"Nederlands"
"203",3506779,57,"Nederlands"
"1201",3506956,6,"buitenlands"
"545",3507033,54,"Nederlands"
"406",3507038,60,"Nederlands"
"1173",3507473,33,"buitenlands"
"639",3507935,36,"Nederlands"
"43",3508613,42,"Nederlands"
"129",3508901,60,"Nederlands"
"1073",3509319,54,"buitenlands"
"1219",3509779,6,"buitenlands"
"880",3509937,0,"Nederlands"
"228",3510584,54,"Nederlands"
"437",3511761,66,"Nederlands"
"1426",3511854,6,"buitenlands"
"293",3511858,66,"Nederlands"
"343",3511860,54,"Nederlands"
"1259",3511887,0,"buitenlands"
"802",3512096,0,"Nederlands"
"64",3512378,66,"Nederlands"
"485",3512958,45,"Nederlands"
"1376",3514057,0,"buitenlands"
"805",3515156,6,"Nederlands"
"9",3515889,54,"Nederlands"
"44",3516779,51,"Nederlands"
"1395",3516882,0,"buitenlands"
"902",3517934,0,"Nederlands"
"88",3519739,63,"Nederlands"
"916",3521263,12,"Nederlands"
"571",3522137,45,"Nederlands"
"318",3523252,60,"Nederlands"
"423",3524377,48,"Nederlands"
"309",3524703,54,"Nederlands"
"1153",3525393,39,"buitenlands"
"1302",3525796,6,"buitenlands"
"977",3526389,57,"buitenlands"
"1381",3528574,6,"buitenlands"
"949",3530261,6,"Nederlands"
"645",3530733,45,"Nederlands"
"856",3530903,6,"Nederlands"
"1098",3532093,57,"buitenlands"
"74",3532535,60,"Nederlands"
"1057",3532598,60,"buitenlands"
"592",3532604,57,"Nederlands"
"443",3533305,63,"Nederlands"
"463",3535196,45,"Nederlands"
"154",3535219,54,"Nederlands"
"1082",3535657,54,"buitenlands"
"1238",3535677,6,"buitenlands"
"908",3536891,12,"Nederlands"
"913",3537683,6,"Nederlands"
"80",3538502,48,"Nederlands"
"1164",3538552,42,"buitenlands"
"201",3540919,60,"Nederlands"
"1370",3541439,0,"buitenlands"
"1284",3542930,0,"buitenlands"
"745",3543072,6,"Nederlands"
"434",3543661,60,"Nederlands"
"839",3544876,0,"Nederlands"
"963",3545118,54,"buitenlands"
"1382",3545182,6,"buitenlands"
"1",3545571,48,"Nederlands"
"1027",3545821,51,"buitenlands"
"454",3547142,48,"Nederlands"
"1061",3547269,60,"buitenlands"
"249",3548116,66,"Nederlands"
"36",3548360,66,"Nederlands"
"1396",3548482,0,"buitenlands"
"1345",3548967,0,"buitenlands"
"1413",3550604,0,"buitenlands"
"380",3551539,54,"Nederlands"
"51",3552200,54,"Nederlands"
"387",3553362,63,"Nederlands"
"1409",3554424,6,"buitenlands"
"1041",3556480,57,"buitenlands"
"788",3556719,6,"Nederlands"
"334",3556878,45,"Nederlands"
"458",3557661,30,"Nederlands"
"1197",3557751,36,"buitenlands"
"1474",3558430,0,"buitenlands"
"1028",3559432,51,"buitenlands"
"1078",3559559,54,"buitenlands"
"663",3559567,0,"Nederlands"
"1043",3559852,51,"buitenlands"
"1267",3561360,0,"buitenlands"
"54",3561807,60,"Nederlands"
"1037",3562320,45,"buitenlands"
"516",3562331,36,"Nederlands"
"1307",3562355,12,"buitenlands"
"1266",3562580,0,"buitenlands"
"1218",3563266,12,"buitenlands"
"517",3563668,45,"Nederlands"
"286",3563751,54,"Nederlands"
"778",3563930,12,"Nederlands"
"1265",3566492,6,"buitenlands"
"937",3567242,6,"Nederlands"
"619",3569628,36,"Nederlands"
"409",3569677,60,"Nederlands"
"1127",3570149,36,"buitenlands"
"630",3570392,39,"Nederlands"
"981",3572751,57,"buitenlands"
"1015",3572763,45,"buitenlands"
"751",3573162,6,"Nederlands"
"1436",3573795,6,"buitenlands"
"706",3573902,6,"Nederlands"
"1169",3575351,27,"buitenlands"
"1270",3575749,0,"buitenlands"
"1115",3575782,33,"buitenlands"
"1449",3576631,0,"buitenlands"
"1085",3580306,60,"buitenlands"
"306",3580422,48,"Nederlands"
"184",3580875,54,"Nederlands"
"377",3581549,60,"Nederlands"
"385",3582228,51,"Nederlands"
"121",3584307,54,"Nederlands"
"990",3584486,48,"buitenlands"
"413",3585949,45,"Nederlands"
"266",3586933,51,"Nederlands"
"1301",3586950,6,"buitenlands"
"1163",3587922,33,"buitenlands"
"697",3588633,12,"Nederlands"
"773",3589260,0,"Nederlands"
"952",3589674,66,"buitenlands"
"739",3591297,0,"Nederlands"
"1253",3593344,0,"buitenlands"
"14",3596783,60,"Nederlands"
"234",3597588,54,"Nederlands"
"10",3598035,48,"Nederlands"
"1278",3598551,0,"buitenlands"
"126",3598680,51,"Nederlands"
"831",3598731,0,"Nederlands"
"124",3600327,60,"Nederlands"
"170",3600993,66,"Nederlands"
"988",3601425,48,"buitenlands"
"961",3602404,60,"buitenlands"
"618",3602714,36,"Nederlands"
"887",3602825,12,"Nederlands"
"162",3603525,39,"Nederlands"
"882",3603941,12,"Nederlands"
"1333",3604559,6,"buitenlands"
"1257",3605382,6,"buitenlands"
"599",3605515,39,"Nederlands"
"956",3605857,60,"buitenlands"
"359",3605886,54,"Nederlands"
"1468",3605971,0,"buitenlands"
"397",3606386,42,"Nederlands"
"389",3607060,51,"Nederlands"
"844",3608611,0,"Nederlands"
"470",3608642,48,"Nederlands"
"1303",3609365,12,"buitenlands"
"1262",3611413,0,"buitenlands"
"828",3611582,12,"Nederlands"
"127",3612818,57,"Nederlands"
"893",3612992,0,"Nederlands"
"237",3613941,54,"Nederlands"
"527",3613994,33,"Nederlands"
"158",3615506,51,"Nederlands"
"904",3615999,12,"Nederlands"
"795",3616007,0,"Nederlands"
"714",3616312,6,"Nederlands"
"507",3618740,33,"Nederlands"
"235",3619451,60,"Nederlands"
"783",3619585,6,"Nederlands"
"305",3619684,60,"Nederlands"
"1484",3620116,0,"buitenlands"
"898",3620565,0,"Nederlands"
"1031",3620839,54,"buitenlands"
"716",3622228,6,"Nederlands"
"1283",3622648,0,"buitenlands"
"1204",3623231,6,"buitenlands"
"168",3623649,63,"Nederlands"
"538",3625678,42,"Nederlands"
"23",3625705,45,"Nederlands"
"1012",3625798,45,"buitenlands"
"1422",3626735,0,"buitenlands"
"872",3627874,0,"Nederlands"
"764",3628309,0,"Nederlands"
"1185",3629061,54,"buitenlands"
"113",3629927,57,"Nederlands"
"941",3630322,6,"Nederlands"
"827",3630371,6,"Nederlands"
"1014",3631441,57,"buitenlands"
"1495",3632037,6,"buitenlands"
"1186",3632827,57,"buitenlands"
"1200",3632854,51,"buitenlands"
"761",3633278,6,"Nederlands"
"328",3633344,45,"Nederlands"
"65",3634545,60,"Nederlands"
"668",3634666,6,"Nederlands"
"298",3635020,63,"Nederlands"
"466",3635312,27,"Nederlands"
"1334",3637130,0,"buitenlands"
"998",3637639,51,"buitenlands"
"621",3637774,42,"Nederlands"
"39",3637916,51,"Nederlands"
"1269",3638814,0,"buitenlands"
"1155",3640053,42,"buitenlands"
"270",3640565,63,"Nederlands"
"680",3641360,6,"Nederlands"
"1207",3641506,6,"buitenlands"
"236",3642439,57,"Nederlands"
"813",3642606,6,"Nederlands"
"606",3642842,42,"Nederlands"
"262",3642923,60,"Nederlands"
"972",3643034,54,"buitenlands"
"59",3643085,60,"Nederlands"
"347",3643585,60,"Nederlands"
"1291",3643992,18,"buitenlands"
"1451",3644039,0,"buitenlands"
"629",3644738,57,"Nederlands"
"255",3646585,60,"Nederlands"
"806",3648913,0,"Nederlands"
"1431",3650267,0,"buitenlands"
"1205",3650882,6,"buitenlands"
"799",3650982,0,"Nederlands"
"1191",3651714,33,"buitenlands"
"445",3651934,60,"Nederlands"
"1050",3652157,66,"buitenlands"
"698",3654507,6,"Nederlands"
"968",3654679,63,"buitenlands"
"585",3657544,54,"Nederlands"
"459",3658289,45,"Nederlands"
"709",3659650,18,"Nederlands"
"983",3659761,48,"buitenlands"
"883",3660457,0,"Nederlands"
"524",3661087,51,"Nederlands"
"811",3662135,0,"Nederlands"
"288",3662913,45,"Nederlands"
"227",3663578,60,"Nederlands"
"1160",3663626,39,"buitenlands"
"757",3665477,0,"Nederlands"
"1367",3665987,0,"buitenlands"
"5",3666054,60,"Nederlands"
"180",3666625,54,"Nederlands"
"357",3666635,66,"Nederlands"
"483",3667332,39,"Nederlands"
"744",3667723,6,"Nederlands"
"752",3668554,12,"Nederlands"
"967",3669091,48,"buitenlands"
"1288",3669882,0,"buitenlands"
"1424",3671398,6,"buitenlands"
"107",3672063,54,"Nederlands"
"181",3672524,54,"Nederlands"
"1493",3673689,0,"buitenlands"
"1100",3674039,54,"buitenlands"
"876",3674063,18,"Nederlands"
"950",3674237,12,"Nederlands"
"891",3674629,6,"Nederlands"
"77",3674979,60,"Nederlands"
"95",3675516,57,"Nederlands"
"600",3677035,51,"Nederlands"
"712",3677175,0,"Nederlands"
"867",3677177,0,"Nederlands"
"1466",3677613,6,"buitenlands"
"686",3677927,0,"Nederlands"
"35",3679398,63,"Nederlands"
"146",3680447,54,"Nederlands"
"379",3680491,57,"Nederlands"
"1435",3682043,6,"buitenlands"
"1013",3682370,54,"buitenlands"
"666",3683370,0,"Nederlands"
"687",3683702,6,"Nederlands"
"393",3684265,60,"Nederlands"
"958",3685816,60,"buitenlands"
"1292",3685983,0,"buitenlands"
"900",3686485,6,"Nederlands"
"654",3689864,0,"Nederlands"
"851",3690122,0,"Nederlands"
"1254",3690868,12,"buitenlands"
"1104",3692241,30,"buitenlands"
"205",3692805,54,"Nederlands"
"99",3692915,57,"Nederlands"
"738",3692988,0,"Nederlands"
"1054",3693260,51,"buitenlands"
"1144",3693980,45,"buitenlands"
"864",3694423,6,"Nederlands"
"1263",3694823,6,"buitenlands"
"574",3694880,24,"Nederlands"
"67",3695163,48,"Nederlands"
"185",3695880,60,"Nederlands"
"167",3696149,60,"Nederlands"
"1341",3698553,18,"buitenlands"
"911",3698931,6,"Nederlands"
"63",3699196,63,"Nederlands"
"768",3699984,6,"Nederlands"
"496",3700071,24,"Nederlands"
"284",3700512,63,"Nederlands"
"594",3700609,36,"Nederlands"
"577",3701092,30,"Nederlands"
"276",3701919,66,"Nederlands"
"330",3704246,60,"Nederlands"
"1165",3705607,27,"buitenlands"
"152",3706057,51,"Nederlands"
"480",3706290,51,"Nederlands"
"1135",3707040,33,"buitenlands"
"771",3708918,6,"Nederlands"
"386",3708991,51,"Nederlands"
"845",3709320,6,"Nederlands"
"1156",3710671,48,"buitenlands"
"777",3710697,12,"Nederlands"
"1347",3710733,6,"buitenlands"
"429",3710835,63,"Nederlands"
"1375",3711174,6,"buitenlands"
"673",3711596,6,"Nederlands"
"942",3715187,6,"Nederlands"
"135",3715724,54,"Nederlands"
"889",3716887,18,"Nederlands"
"38",3717037,66,"Nederlands"
"46",3717290,48,"Nederlands"
"1229",3718059,6,"buitenlands"
"499",3720745,42,"Nederlands"
"1110",3723039,54,"buitenlands"
"469",3723286,39,"Nederlands"
"374",3724444,63,"Nederlands"
"993",3724698,51,"buitenlands"
"1261",3726041,0,"buitenlands"
"13",3726560,57,"Nederlands"
"784",3726831,0,"Nederlands"
"282",3729767,42,"Nederlands"
"1389",3730626,0,"buitenlands"
"281",3730837,54,"Nederlands"
"1142",3731023,42,"buitenlands"
"1091",3732192,63,"buitenlands"
"628",3733127,42,"Nederlands"
"1423",3733345,6,"buitenlands"
"675",3734231,6,"Nederlands"
"681",3735363,6,"Nederlands"
"346",3735546,63,"Nederlands"
"287",3736667,57,"Nederlands"
"1329",3736828,0,"buitenlands"
"93",3737039,66,"Nederlands"
"177",3737129,54,"Nederlands"
"555",3737484,48,"Nederlands"
"1241",3737553,6,"buitenlands"
"989",3737571,60,"buitenlands"
"1223",3738748,6,"buitenlands"
"1337",3740549,6,"buitenlands"
"1343",3741048,6,"buitenlands"
"368",3741659,48,"Nederlands"
"4",3742781,60,"Nederlands"
"857",3743012,6,"Nederlands"
"625",3744389,42,"Nederlands"
"1460",3744777,6,"buitenlands"
"449",3744792,57,"Nederlands"
"1397",3746373,24,"buitenlands"
"209",3747212,48,"Nederlands"
"564",3747308,45,"Nederlands"
"1056",3747372,48,"buitenlands"
"1168",3747721,30,"buitenlands"
"533",3748724,33,"Nederlands"
"1272",3749006,18,"buitenlands"
"1151",3750471,48,"buitenlands"
"1286",3751364,0,"buitenlands"
"906",3751376,0,"Nederlands"
"647",3754270,39,"Nederlands"
"1062",3754711,54,"buitenlands"
"277",3754821,54,"Nederlands"
"1404",3754857,6,"buitenlands"
"665",3754940,12,"Nederlands"
"1030",3756524,66,"buitenlands"
"117",3756948,60,"Nederlands"
"391",3757248,54,"Nederlands"
"222",3758056,54,"Nederlands"
"1408",3758463,0,"buitenlands"
"1034",3759155,60,"buitenlands"
"1088",3761426,54,"buitenlands"
"335",3761476,48,"Nederlands"
"1446",3763437,6,"buitenlands"
"573",3763450,21,"Nederlands"
"448",3763549,60,"Nederlands"
"1209",3764591,6,"buitenlands"
"1111",3764910,42,"buitenlands"
"492",3765466,39,"Nederlands"
"568",3766301,42,"Nederlands"
"557",3766806,33,"Nederlands"
"798",3767441,12,"Nederlands"
"973",3768079,54,"buitenlands"
"918",3768491,6,"Nederlands"
"583",3768871,51,"Nederlands"
"1224",3768898,0,"buitenlands"
"1380",3769053,0,"buitenlands"
"208",3769494,63,"Nederlands"
"563",3769716,42,"Nederlands"
"1040",3770350,42,"buitenlands"
"1188",3770399,30,"buitenlands"
"182",3770748,54,"Nederlands"
"549",3771156,45,"Nederlands"
"256",3771930,57,"Nederlands"
"1258",3771949,0,"buitenlands"
"920",3772011,6,"Nederlands"
"960",3772256,45,"buitenlands"
"474",3772343,30,"Nederlands"
"1148",3773966,51,"buitenlands"
"339",3774160,57,"Nederlands"
"1486",3774927,0,"buitenlands"
"951",3775255,54,"buitenlands"
"725",3775859,0,"Nederlands"
"542",3775949,42,"Nederlands"
"1429",3777263,0,"buitenlands"
"582",3777925,39,"Nederlands"
"1005",3778359,48,"buitenlands"
"89",3778636,57,"Nederlands"
"772",3778922,0,"Nederlands"
"650",3780426,27,"Nederlands"
"1452",3780837,18,"buitenlands"
"248",3782762,60,"Nederlands"
"133",3783480,39,"Nederlands"
"829",3784102,0,"Nederlands"
"405",3784354,45,"Nederlands"
"112",3784529,63,"Nederlands"
"1280",3786179,12,"buitenlands"
"865",3786294,12,"Nederlands"
"435",3786561,48,"Nederlands"
"325",3786607,60,"Nederlands"
"348",3786980,57,"Nederlands"
"69",3787996,54,"Nederlands"
"1357",3788094,0,"buitenlands"
"690",3788376,6,"Nederlands"
"224",3789241,42,"Nederlands"
"1069",3790190,66,"buitenlands"
"552",3790490,33,"Nederlands"
"1264",3790748,0,"buitenlands"
"193",3791174,51,"Nederlands"
"323",3792295,48,"Nederlands"
"1496",3792338,0,"buitenlands"
"179",3792422,51,"Nederlands"
"971",3793925,54,"buitenlands"
"495",3793967,51,"Nederlands"
"785",3794089,6,"Nederlands"
"1070",3794370,54,"buitenlands"
"1362",3795598,0,"buitenlands"
"607",3795699,42,"Nederlands"
"6",3796729,54,"Nederlands"
"901",3797498,0,"Nederlands"
"123",3798528,63,"Nederlands"
"1400",3798561,6,"buitenlands"
"155",3798594,63,"Nederlands"
"78",3798832,48,"Nederlands"
"1490",3799109,0,"buitenlands"
"264",3799175,48,"Nederlands"
"1171",3799224,39,"buitenlands"
"1332",3799846,12,"buitenlands"
"1029",3800284,48,"buitenlands"
"1182",3800730,36,"buitenlands"
"742",3800869,6,"Nederlands"
"1271",3801107,0,"buitenlands"
"173",3802358,60,"Nederlands"
"797",3802570,12,"Nederlands"
"979",3802896,57,"buitenlands"
"708",3803375,0,"Nederlands"
"1456",3803665,0,"buitenlands"
"914",3803832,0,"Nederlands"
"373",3804148,54,"Nederlands"
"917",3804923,6,"Nederlands"
"612",3805397,45,"Nederlands"
"510",3806670,42,"Nederlands"
"1033",3807427,57,"buitenlands"
"825",3808655,0,"Nederlands"
"509",3809422,36,"Nederlands"
"290",3809474,63,"Nederlands"
"896",3809490,0,"Nederlands"
"1189",3810380,48,"buitenlands"
"1230",3810664,0,"buitenlands"
"964",3811497,60,"buitenlands"
"1170",3811791,39,"buitenlands"
"332",3812020,60,"Nederlands"
"589",3812626,54,"Nederlands"
"82",3814758,63,"Nederlands"
"1427",3814886,6,"buitenlands"
"356",3816077,51,"Nederlands"
"28",3817023,66,"Nederlands"
"140",3817357,66,"Nederlands"
"667",3817382,0,"Nederlands"
"1365",3817416,6,"buitenlands"
"534",3817989,33,"Nederlands"
"1107",3818592,39,"buitenlands"
"314",3819790,48,"Nederlands"
"1260",3819881,0,"buitenlands"
"540",3820191,36,"Nederlands"
"338",3820212,57,"Nederlands"
"1317",3821908,6,"buitenlands"
"498",3822473,39,"Nederlands"
"327",3823188,48,"Nederlands"
"84",3823203,57,"Nederlands"
"1391",3824699,0,"buitenlands"
"297",3825865,57,"Nederlands"
"879",3826985,6,"Nederlands"
"479",3827628,54,"Nederlands"
"1458",3828513,0,"buitenlands"
"481",3828867,48,"Nederlands"
"615",3829613,42,"Nederlands"
"73",3830353,54,"Nederlands"
"1352",3830552,0,"buitenlands"
"1125",3830821,33,"buitenlands"
"432",3831004,45,"Nederlands"
"251",3833186,57,"Nederlands"
"216",3834522,57,"Nederlands"
"803",3835277,0,"Nederlands"
"1063",3837395,60,"buitenlands"
"1118",3837534,21,"buitenlands"
"7",3837834,54,"Nederlands"
"702",3839440,6,"Nederlands"
"1255",3839814,0,"buitenlands"
"1315",3840094,6,"buitenlands"
"703",3840371,0,"Nederlands"
"232",3841563,54,"Nederlands"
"404",3842521,60,"Nederlands"
"627",3842676,42,"Nederlands"
"1327",3843927,6,"buitenlands"
"1140",3844240,18,"buitenlands"
"79",3844408,45,"Nederlands"
"1157",3846256,42,"buitenlands"
"1212",3846397,6,"buitenlands"
"1184",3848354,48,"buitenlands"
"910",3849480,6,"Nederlands"
"1086",3849785,57,"buitenlands"
"810",3850074,0,"Nederlands"
"1158",3850177,33,"buitenlands"
"1273",3850871,0,"buitenlands"
"229",3852918,60,"Nederlands"
"1353",3853055,6,"buitenlands"
"1149",3853965,39,"buitenlands"
"569",3854833,42,"Nederlands"
"610",3858156,42,"Nederlands"
"1479",3858712,6,"buitenlands"
"345",3862148,60,"Nederlands"
"871",3862945,0,"Nederlands"
"245",3862964,48,"Nederlands"
"1231",3863210,6,"buitenlands"
"1166",3863407,39,"buitenlands"
"1235",3863484,12,"buitenlands"
"1348",3864003,6,"buitenlands"
"1489",3864120,0,"buitenlands"
"543",3864285,42,"Nederlands"
"1281",3864673,0,"buitenlands"
"109",3866980,51,"Nederlands"
"1410",3868675,6,"buitenlands"
"700",3870457,18,"Nederlands"
"765",3870557,6,"Nederlands"
"1076",3870674,48,"buitenlands"
"254",3871675,66,"Nederlands"
"1316",3871919,6,"buitenlands"
"37",3872699,54,"Nederlands"
"75",3872797,57,"Nederlands"
"596",3873173,27,"Nederlands"
"787",3874443,18,"Nederlands"
"598",3874464,42,"Nederlands"
"755",3875035,12,"Nederlands"
"1080",3875641,48,"buitenlands"
"1305",3876339,6,"buitenlands"
"1470",3876881,6,"buitenlands"
"119",3876900,57,"Nederlands"
"111",3877195,60,"Nederlands"
"782",3877227,0,"Nederlands"
"378",3878402,57,"Nederlands"
"1350",3879101,0,"buitenlands"
"289",3879971,66,"Nederlands"
"81",3880050,66,"Nederlands"
"467",3880209,39,"Nederlands"
"1139",3881589,48,"buitenlands"
"1274",3881733,0,"buitenlands"
"66",3882066,51,"Nederlands"
"491",3882174,30,"Nederlands"
"939",3883079,6,"Nederlands"
"671",3883219,6,"Nederlands"
"947",3883455,0,"Nederlands"
"191",3883510,54,"Nederlands"
"928",3884895,6,"Nederlands"
"85",3885974,60,"Nederlands"
"1036",3887255,42,"buitenlands"
"591",3889265,51,"Nederlands"
"183",3889479,60,"Nederlands"
"204",3889772,51,"Nederlands"
"1325",3889988,6,"buitenlands"
"280",3890860,60,"Nederlands"
"648",3891317,39,"Nederlands"
"57",3891824,51,"Nederlands"
"410",3892850,48,"Nederlands"
"727",3893636,0,"Nederlands"
"1358",3893823,6,"buitenlands"
"815",3894419,18,"Nederlands"
"482",3894792,45,"Nederlands"
"178",3895122,42,"Nederlands"
"670",3896386,6,"Nederlands"
"580",3897217,30,"Nederlands"
"118",3900094,57,"Nederlands"
"884",3901087,0,"Nederlands"
"588",3903655,42,"Nederlands"
"842",3904383,0,"Nederlands"
"817",3905449,6,"Nederlands"
"15",3907008,54,"Nederlands"
"351",3908222,54,"Nederlands"
"662",3908357,6,"Nederlands"
"363",3910384,57,"Nederlands"
"322",3910665,57,"Nederlands"
"1162",3912041,36,"buitenlands"
"302",3913435,51,"Nederlands"
"1481",3914907,0,"buitenlands"
"873",3915999,0,"Nederlands"
"388",3917377,60,"Nederlands"
"1418",3917476,0,"buitenlands"
"221",3917832,48,"Nederlands"
"955",3918049,60,"buitenlands"
"371",3918112,54,"Nederlands"
"1463",3918365,6,"buitenlands"
"149",3919582,48,"Nederlands"
"1368",3919937,0,"buitenlands"
"682",3920374,6,"Nederlands"
"753",3922480,6,"Nederlands"
"567",3922602,48,"Nederlands"
"669",3922894,6,"Nederlands"
"240",3923233,66,"Nederlands"
"683",3923605,0,"Nederlands"
"446",3923762,63,"Nederlands"
"909",3925682,6,"Nederlands"
"1067",3926659,45,"buitenlands"
"139",3926880,51,"Nederlands"
"1439",3927771,0,"buitenlands"
"1443",3928305,0,"buitenlands"
"1256",3929149,0,"buitenlands"
"624",3929998,30,"Nederlands"
"1136",3930639,54,"buitenlands"
"1114",3930952,51,"buitenlands"
"707",3931044,0,"Nederlands"
"247",3931620,54,"Nederlands"
"512",3931653,48,"Nederlands"
"1321",3931840,0,"buitenlands"
"769",3932117,12,"Nederlands"
"758",3932566,0,"Nederlands"
"60",3932884,66,"Nederlands"
"1083",3933594,60,"buitenlands"
"657",3933614,12,"Nederlands"
"808",3933932,0,"Nederlands"
"260",3933946,51,"Nederlands"
"24",3934032,57,"Nederlands"
"1133",3934622,39,"buitenlands"
"1179",3935543,30,"buitenlands"
"272",3936186,54,"Nederlands"
"104",3939045,48,"Nederlands"
"1208",3939289,0,"buitenlands"
"1297",3939795,0,"buitenlands"
"1252",3941103,6,"buitenlands"
"1137",3941748,39,"buitenlands"
"1089",3943041,54,"buitenlands"
"637",3943506,36,"Nederlands"
"1221",3943729,0,"buitenlands"
"1279",3943745,6,"buitenlands"
"1425",3946925,12,"buitenlands"
"1215",3947150,0,"buitenlands"
"11",3949341,57,"Nederlands"
"336",3949712,63,"Nederlands"
"995",3951621,54,"buitenlands"
"161",3951885,48,"Nederlands"
"991",3952930,54,"buitenlands"
"425",3953412,57,"Nederlands"
"27",3954114,57,"Nederlands"
"395",3954383,57,"Nederlands"
"311",3954539,66,"Nederlands"
"436",3955053,48,"Nederlands"
"218",3955888,63,"Nederlands"
"616",3956613,57,"Nederlands"
"731",3957978,0,"Nederlands"
"151",3958963,63,"Nederlands"
"1326",3959761,0,"buitenlands"
"68",3959802,63,"Nederlands"
"796",3960207,0,"Nederlands"
"617",3960760,57,"Nederlands"
"586",3961441,39,"Nederlands"
"558",3963983,51,"Nederlands"
"285",3966054,45,"Nederlands"
"1242",3966910,0,"buitenlands"
"694",3966934,6,"Nederlands"
"471",3967489,42,"Nederlands"
"390",3967518,54,"Nederlands"
"820",3968059,6,"Nederlands"
"202",3968319,63,"Nederlands"
"122",3968369,57,"Nederlands"
"131",3968619,45,"Nederlands"
"1434",3971349,0,"buitenlands"
"308",3971719,63,"Nederlands"
"1407",3971963,0,"buitenlands"
"353",3972253,48,"Nederlands"
"157",3972406,57,"Nederlands"
"1482",3972914,0,"buitenlands"
"110",3973093,60,"Nederlands"
"1312",3973305,0,"buitenlands"
"633",3974084,36,"Nederlands"
"32",3974090,48,"Nederlands"
"231",3974571,60,"Nederlands"
"427",3974586,63,"Nederlands"
"1087",3974832,51,"buitenlands"
"1220",3974883,12,"buitenlands"
"1354",3975278,0,"buitenlands"
"1123",3975300,51,"buitenlands"
"976",3976060,48,"buitenlands"
"1245",3976138,18,"buitenlands"
"1058",3978754,48,"buitenlands"
"741",3979082,0,"Nederlands"
"352",3979435,51,"Nederlands"
"1428",3979448,12,"buitenlands"
"556",3980103,63,"Nederlands"
"699",3980180,6,"Nederlands"
"724",3981157,12,"Nederlands"
"975",3982715,54,"buitenlands"
"439",3982768,51,"Nederlands"
"593",3985295,21,"Nederlands"
"1021",3985455,57,"buitenlands"
"897",3985738,12,"Nederlands"
"962",3986316,51,"buitenlands"
"921",3986358,0,"Nederlands"
"1240",3986946,0,"buitenlands"
"1475",3987419,6,"buitenlands"
"473",3987463,42,"Nederlands"
"433",3988022,57,"Nederlands"
"653",3990865,12,"Nederlands"
"41",3991325,54,"Nederlands"
"1485",3991516,6,"buitenlands"
"843",3991625,6,"Nederlands"
"536",3992127,39,"Nederlands"
"1017",3993012,54,"buitenlands"
"171",3993309,54,"Nederlands"
"1251",3994496,6,"buitenlands"
"176",3994944,48,"Nederlands"
"1442",3995230,6,"buitenlands"
"215",3995911,51,"Nederlands"
"830",3996339,0,"Nederlands"
"1059",3996684,57,"buitenlands"
"1047",3997148,66,"buitenlands"
