"","Studentnummer","Opleiding","Aantal_Hoorcolleges","Eindexamencijfer","Eindcijfer_MS"
"1",322050,"Psychologie",4,6,6
"2",380655,"Psychologie",10,5.5,7.9
"3",322127,"Psychologie",4,7.5,6.9
"4",318280,"Psychologie",10,6.5,9.7
"5",305484,"Psychologie",7,9.5,7.1
"6",365284,"Psychologie",3,7,4.4
"7",332349,"Psychologie",2,7.5,5
"8",399553,"Psychologie",7,8,8.9
"9",366817,"Psychologie",4,5.5,5.8
"10",347762,"Psychologie",9,7,8.8
"11",360765,"Psychologie",3,5.5,6.5
"12",312779,"Psychologie",3,6,7.2
"13",363057,"Psychologie",4,8,7.4
"14",385568,"Psychologie",3,7,6
"15",376881,"Psychologie",2,7.5,5.4
"16",369711,"Psychologie",7,8,6.1
"17",302420,"Psychologie",2,8,5.5
"18",379455,"Psychologie",2,6,5.8
"19",343458,"Psychologie",3,7,5.1
"20",343471,"Psychologie",5,6.5,7.6
"21",326679,"Psychologie",7,7.5,8.2
"22",352477,"Psychologie",2,8,5.3
"23",363275,"Psychologie",9,8,8.6
"24",390674,"Psychologie",8,7,8.2
"25",327330,"Psychologie",8,7.5,7.8
"26",335392,"Psychologie",2,7.5,6.1
"27",399944,"Psychologie",8,8,7.7
"28",366553,"Psychologie",1,7,5.3
"29",356734,"Psychologie",3,7,7.4
"30",304447,"Psychologie",7,5.5,6.6
"31",390910,"Psychologie",4,7,5.8
"32",373257,"Psychologie",3,8,7.1
"33",329453,"Psychologie",3,6.5,6
"34",375928,"Psychologie",8,7,8.7
"35",380901,"Psychologie",2,9.5,6.1
"36",399578,"Psychologie",2,8,5.4
"37",304963,"Psychologie",10,7,9.5
"38",327812,"Psychologie",10,8.5,9
"39",376849,"Psychologie",1,8,3.8
"40",335817,"Psychologie",3,7,7.1
"41",309952,"Psychologie",4,9.5,5.2
"42",354461,"Psychologie",7,7,7.3
"43",386930,"Psychologie",5,7.5,5.6
"44",397017,"Psychologie",4,9,6.9
"45",384239,"Psychologie",2,9,5.8
"46",336136,"Psychologie",2,9.5,6.8
"47",399140,"Psychologie",3,6.5,4.1
"48",308600,"Psychologie",3,5.5,6.2
"49",303405,"Psychologie",3,5.5,6.7
"50",375308,"Psychologie",8,8,8.4
"51",347524,"Psychologie",9,7,9.2
"52",342534,"Psychologie",6,7,7.6
"53",325806,"Psychologie",2,7.5,5.1
"54",304086,"Psychologie",3,8.5,5.1
"55",352815,"Psychologie",4,8.5,5.8
"56",334085,"Psychologie",7,9.5,7.3
"57",396876,"Psychologie",4,6,5.8
"58",372501,"Psychologie",3,8.5,6.3
"59",359163,"Psychologie",7,8,7.2
"60",344977,"Psychologie",3,6.5,6.6
"61",337520,"Psychologie",4,7.5,7.6
"62",396161,"Psychologie",2,7.5,5.5
"63",337314,"Psychologie",9,6.5,7.9
"64",338927,"Psychologie",4,8,6.1
"65",365941,"Psychologie",9,6.5,7.8
"66",356302,"Psychologie",3,6.5,5
"67",336768,"Psychologie",5,7,5.9
"68",367249,"Psychologie",3,7,5
"69",367919,"Psychologie",1,6,4.2
"70",361942,"Psychologie",5,8.5,7.6
"71",375053,"Psychologie",8,8,9.6
"72",393921,"Psychologie",7,7,7.6
"73",350608,"Psychologie",2,8,5.7
"74",366745,"Psychologie",2,6,5.2
"75",349656,"Psychologie",3,8,5.3
"76",370099,"Psychologie",1,8,4
"77",394023,"Psychologie",9,8.5,8.1
"78",342193,"Psychologie",8,7.5,9.5
"79",395765,"Psychologie",7,5.5,6
"80",384189,"Psychologie",3,7.5,6.5
"81",353873,"Psychologie",10,8,8.7
"82",368661,"Psychologie",7,6,6.3
"83",312809,"Psychologie",3,7.5,7.9
"84",330752,"Psychologie",3,7,6.9
"85",334766,"Psychologie",3,8,7.4
"86",320577,"Psychologie",2,7.5,6.1
"87",333621,"Psychologie",6,5.5,5
"88",325142,"Psychologie",7,7.5,7.6
"89",396534,"Psychologie",4,8,7.7
"90",390320,"Psychologie",3,5.5,5.7
"91",335916,"Psychologie",5,6.5,6.3
"92",310670,"Psychologie",4,6,6.5
"93",311157,"Psychologie",3,8,6.7
"94",341051,"Psychologie",1,8,4.1
"95",376190,"Psychologie",4,8.5,7.1
"96",358475,"Psychologie",7,9,8.2
"97",399159,"Psychologie",4,7,5.7
"98",384535,"Psychologie",4,7,6.6
"99",314061,"Psychologie",3,8.5,5.2
"100",390841,"Psychologie",2,7,4.9
"101",322050,"Psychologie",2,5.5,5.1
"102",380655,"Psychologie",1,7.5,4.7
"103",322127,"Psychologie",9,7,8.8
"104",318280,"Psychologie",1,6.5,6.1
"105",305484,"Psychologie",7,7,6.6
"106",365284,"Psychologie",10,6,7
"107",332349,"Psychologie",8,7.5,7.4
"108",399553,"Psychologie",10,7,9.9
"109",366817,"Psychologie",2,8,5.5
"110",347762,"Psychologie",3,7.5,6.5
"111",360765,"Psychologie",1,7,6
"112",312779,"Psychologie",2,7.5,7.1
"113",363057,"Psychologie",4,6,7
"114",385568,"Psychologie",2,8,5.8
"115",376881,"Psychologie",4,7.5,6.2
"116",369711,"Psychologie",5,8,5.3
"117",302420,"Psychologie",9,7,8.1
"118",379455,"Psychologie",1,7.5,5.7
"119",343458,"Psychologie",3,7.5,5.2
"120",343471,"Psychologie",2,6.5,6.4
"121",326679,"Psychologie",1,8.5,6
"122",352477,"Psychologie",7,7.5,7.2
"123",363275,"Psychologie",3,7,6
"124",390674,"Psychologie",8,6.5,8.1
"125",327330,"Psychologie",8,8,7.9
"126",335392,"Psychologie",4,7,6.8
"127",399944,"Psychologie",5,7.5,6.4
"128",366553,"Psychologie",3,7.5,6.2
"129",356734,"Psychologie",2,7.5,7.1
"130",304447,"Psychologie",4,8,5.9
"131",390910,"Psychologie",3,6,5.2
"132",373257,"Psychologie",8,7,8.9
"133",329453,"Psychologie",6,9,7.7
"134",375928,"Psychologie",8,8.5,9
"135",380901,"Psychologie",5,7,6.8
"136",399578,"Psychologie",10,6.5,8.3
"137",304963,"Psychologie",8,7.5,8.8
"138",327812,"Psychologie",3,7.5,6
"139",376849,"Psychologie",3,7,4.4
"140",335817,"Psychologie",4,6,7.3
"141",309952,"Psychologie",7,9,6.3
"142",354461,"Psychologie",8,8,7.9
"143",386930,"Psychologie",3,8.5,5
"144",397017,"Psychologie",8,7,8.1
"145",384239,"Psychologie",3,6,5.6
"146",336136,"Psychologie",9,8.5,9.4
"147",399140,"Psychologie",9,7,6.6
"148",308600,"Psychologie",7,8,8.3
"149",303405,"Psychologie",5,8,8
"150",375308,"Psychologie",2,7.5,5.9
"151",347524,"Psychologie",6,6.5,7.9
"152",342534,"Psychologie",1,6,5.4
"153",325806,"Psychologie",4,9.5,6.3
"154",304086,"Psychologie",2,7.5,4.5
"155",352815,"Psychologie",3,7.5,5.2
"156",334085,"Psychologie",4,5.5,5.3
"157",396876,"Psychologie",8,6,7.4
"158",372501,"Psychologie",7,8.5,7.9
"159",359163,"Psychologie",6,6,6.4
"160",344977,"Psychologie",1,9,6.3
"161",337520,"Psychologie",4,6,7.3
"162",396161,"Psychologie",1,8,5.2
"163",337314,"Psychologie",6,6,6.6
"164",338927,"Psychologie",6,9,7.1
"165",365941,"Psychologie",2,6,4.9
"166",356302,"Psychologie",7,7,6.7
"167",336768,"Psychologie",9,6.5,7.4
"168",367249,"Psychologie",3,7.5,5.1
"169",367919,"Psychologie",6,7.5,6.5
"170",361942,"Psychologie",2,7,6.1
"171",375053,"Psychologie",9,7,9.8
"172",393921,"Psychologie",3,6,5.8
"173",350608,"Psychologie",4,8,6.5
"174",366745,"Psychologie",2,8,5.6
"175",349656,"Psychologie",2,7,4.7
"176",370099,"Psychologie",4,5.5,4.7
"177",394023,"Psychologie",8,8.5,7.7
"178",342193,"Psychologie",5,7.5,8.3
"179",395765,"Psychologie",4,7.5,5.2
"180",384189,"Psychologie",6,7.5,7.7
"181",353873,"Psychologie",3,6.5,5.6
"182",368661,"Psychologie",2,8.5,4.8
"183",312809,"Psychologie",3,9.5,8.3
"184",330752,"Psychologie",2,6,6.3
"185",334766,"Psychologie",9,6,9.4
"186",320577,"Psychologie",6,8.5,7.9
"187",333621,"Psychologie",2,5.5,3.4
"188",325142,"Psychologie",5,7.5,6.8
"189",396534,"Psychologie",3,7,7.1
"190",390320,"Psychologie",3,7,6
"191",335916,"Psychologie",4,9,6.4
"192",310670,"Psychologie",10,5.5,8.8
"193",311157,"Psychologie",2,7,6.1
"194",341051,"Psychologie",2,6,4.1
"195",376190,"Psychologie",9,8.5,9.1
"196",358475,"Psychologie",3,5.5,5.9
"197",399159,"Psychologie",2,6.5,4.8
"198",384535,"Psychologie",4,7.5,6.7
"199",314061,"Psychologie",2,8.5,4.8
"200",390841,"Psychologie",7,8,7.1
"201",322050,"Psychologie",1,9.5,5.5
"202",380655,"Psychologie",10,9.5,8.7
"203",322127,"Psychologie",3,7,6.4
"204",318280,"Psychologie",7,7.5,8.7
"205",305484,"Psychologie",8,6,6.8
"206",365284,"Psychologie",4,7,4.8
"207",332349,"Psychologie",3,8,5.5
"208",399553,"Psychologie",3,7,7.1
"209",366817,"Psychologie",1,7.5,5
"210",347762,"Psychologie",8,7,8.4
"211",360765,"Psychologie",2,7,6.4
"212",312779,"Psychologie",8,6.5,9.3
"213",363057,"Psychologie",2,6.5,6.3
"214",385568,"Psychologie",2,7,5.6
"215",376881,"Psychologie",5,7.5,6.6
"216",369711,"Psychologie",7,8,6.1
"217",302420,"Psychologie",2,6,5.1
"218",379455,"Psychologie",1,9,6
"219",343458,"Psychologie",8,8.5,7.4
"220",343471,"Psychologie",3,7,6.9
"221",326679,"Psychologie",3,7,6.5
"222",352477,"Psychologie",3,8,5.7
"223",363275,"Psychologie",3,7,6
"224",390674,"Psychologie",1,6.5,5.3
"225",327330,"Psychologie",10,6.5,8.4
"226",335392,"Psychologie",8,5.5,8.1
"227",399944,"Psychologie",5,5.5,6
"228",366553,"Psychologie",7,9.5,8.2
"229",356734,"Psychologie",7,7.5,9.1
"230",304447,"Psychologie",1,6.5,4.4
"231",390910,"Psychologie",2,7,5
"232",373257,"Psychologie",1,7,6.1
"233",329453,"Psychologie",7,7.5,7.8
"234",375928,"Psychologie",8,8,8.9
"235",380901,"Psychologie",4,7.5,6.5
"236",399578,"Psychologie",7,7.5,7.3
"237",304963,"Psychologie",9,5.5,8.8
"238",327812,"Psychologie",5,7,6.7
"239",376849,"Psychologie",7,7,6
"240",335817,"Psychologie",2,8,6.9
"241",309952,"Psychologie",5,6.5,5
"242",354461,"Psychologie",5,6.5,6.4
"243",386930,"Psychologie",5,7,5.5
"244",397017,"Psychologie",4,7,6.5
"245",384239,"Psychologie",8,6.5,7.7
"246",336136,"Psychologie",8,8.5,9
"247",399140,"Psychologie",5,9.5,5.5
"248",308600,"Psychologie",1,9,6.1
"249",303405,"Psychologie",2,7,6.6
"250",375308,"Psychologie",4,6.5,6.5
"251",347524,"Psychologie",3,7.5,6.9
"252",342534,"Psychologie",9,7.5,8.9
"253",325806,"Psychologie",3,8,5.6
"254",304086,"Psychologie",2,6.5,4.3
"255",352815,"Psychologie",10,8.5,8.2
"256",334085,"Psychologie",6,6.5,6.3
"257",396876,"Psychologie",3,6,5.4
"258",372501,"Psychologie",3,7,6
"259",359163,"Psychologie",3,9,5.8
"260",344977,"Psychologie",7,6.5,8.2
"261",337520,"Psychologie",5,6,7.7
"262",396161,"Psychologie",6,6,6.8
"263",337314,"Psychologie",6,7,6.8
"264",338927,"Psychologie",5,8,6.5
"265",365941,"Psychologie",8,7,7.5
"266",356302,"Psychologie",3,8,5.3
"267",336768,"Psychologie",3,8,5.3
"268",367249,"Psychologie",4,8,5.6
"269",367919,"Psychologie",9,9.5,8.1
"270",361942,"Psychologie",8,8.5,8.8
"271",375053,"Psychologie",3,9,7.8
"272",393921,"Psychologie",2,7,5.6
"273",350608,"Psychologie",3,7,5.9
"274",366745,"Psychologie",9,6.5,8.1
"275",349656,"Psychologie",4,7.5,5.6
"276",370099,"Psychologie",2,8,4.4
"277",394023,"Psychologie",1,8,4.8
"278",342193,"Psychologie",3,8,7.6
"279",395765,"Psychologie",2,6.5,4.2
"280",384189,"Psychologie",10,8,9.4
"281",353873,"Psychologie",3,7.5,5.8
"282",368661,"Psychologie",4,6,5.1
"283",312809,"Psychologie",3,7.5,7.9
"284",330752,"Psychologie",3,7.5,7
"285",334766,"Psychologie",2,7.5,6.9
"286",320577,"Psychologie",2,8.5,6.3
"287",333621,"Psychologie",3,7,4.1
"288",325142,"Psychologie",4,8,6.5
"289",396534,"Psychologie",7,8,8.9
"290",390320,"Psychologie",7,8.5,7.9
"291",335916,"Psychologie",8,8,7.8
"292",310670,"Psychologie",6,8.5,7.8
"293",311157,"Psychologie",3,8,6.7
"294",341051,"Psychologie",2,6.5,4.2
"295",376190,"Psychologie",4,7.5,6.9
"296",358475,"Psychologie",2,7.5,5.9
"297",399159,"Psychologie",6,6,6.3
"298",384535,"Psychologie",3,7.5,6.3
"299",314061,"Psychologie",1,8,4.3
"300",390841,"Psychologie",3,9.5,5.8
"301",322050,"Psychologie",3,6.5,5.7
"302",380655,"Psychologie",1,7,4.6
"303",322127,"Psychologie",8,7.5,8.5
"304",318280,"Psychologie",8,8,9.2
"305",305484,"Psychologie",1,7.5,4.3
"306",365284,"Psychologie",8,8.5,6.7
"307",332349,"Psychologie",3,8.5,5.6
"308",399553,"Psychologie",3,5.5,6.8
"309",366817,"Psychologie",7,8.5,7.6
"310",347762,"Psychologie",2,8,6.2
"311",360765,"Psychologie",2,6.5,6.3
"312",312779,"Psychologie",7,7.5,9.1
"313",363057,"Psychologie",9,7,9.2
"314",385568,"Psychologie",3,8,6.2
"315",376881,"Psychologie",2,6.5,5.2
"316",369711,"Psychologie",10,8,7.3
"317",302420,"Psychologie",1,7.5,5
"318",379455,"Psychologie",1,8,5.8
"319",343458,"Psychologie",2,8,4.9
"320",343471,"Psychologie",10,7.5,9.8
"321",326679,"Psychologie",2,8,6.3
"322",352477,"Psychologie",8,6.5,7.4
"323",363275,"Psychologie",8,6.5,7.9
"324",390674,"Psychologie",2,9.5,6.3
"325",327330,"Psychologie",2,7,5.3
"326",335392,"Psychologie",9,8,9
"327",399944,"Psychologie",2,6.5,5
"328",366553,"Psychologie",3,7,6.1
"329",356734,"Psychologie",3,6.5,7.3
"330",304447,"Psychologie",3,7,5.3
"331",390910,"Psychologie",2,8,5.2
"332",373257,"Psychologie",6,6.5,8
"333",329453,"Psychologie",4,7,6.5
"334",375928,"Psychologie",8,8,8.9
"335",380901,"Psychologie",3,8,6.2
"336",399578,"Psychologie",3,5.5,5.3
"337",304963,"Psychologie",9,8,9.3
"338",327812,"Psychologie",4,5.5,6
"339",376849,"Psychologie",7,7.5,6.1
"340",335817,"Psychologie",10,9,10
"341",309952,"Psychologie",1,8,3.7
"342",354461,"Psychologie",8,6,7.5
"343",386930,"Psychologie",5,7,5.5
"344",397017,"Psychologie",6,8,7.5
"345",384239,"Psychologie",7,5.5,7.1
"346",336136,"Psychologie",8,7.5,8.8
"347",399140,"Psychologie",4,5.5,4.3
"348",308600,"Psychologie",5,7.5,7.4
"349",303405,"Psychologie",3,6.5,6.9
"350",375308,"Psychologie",4,7.5,6.7
"351",347524,"Psychologie",8,7.5,8.9
"352",342534,"Psychologie",8,8,8.6
"353",325806,"Psychologie",9,6.5,7.7
"354",304086,"Psychologie",8,7,6.8
"355",352815,"Psychologie",8,9.5,7.6
"356",334085,"Psychologie",4,8,5.8
"357",396876,"Psychologie",1,6.5,4.7
"358",372501,"Psychologie",1,8,5.4
"359",359163,"Psychologie",3,7.5,5.5
"360",344977,"Psychologie",4,8,7.3
"361",337520,"Psychologie",3,6,6.9
"362",396161,"Psychologie",3,5.5,5.5
"363",337314,"Psychologie",7,6,7
"364",338927,"Psychologie",2,6.5,5
"365",365941,"Psychologie",2,6,4.9
"366",356302,"Psychologie",4,9,5.9
"367",336768,"Psychologie",10,7,7.9
"368",367249,"Psychologie",2,7,4.6
"369",367919,"Psychologie",4,6.5,5.5
"370",361942,"Psychologie",1,6.5,5.6
"371",375053,"Psychologie",1,7.5,6.7
"372",393921,"Psychologie",4,7.5,6.5
"373",350608,"Psychologie",5,8.5,7
"374",366745,"Psychologie",8,6.5,7.7
"375",349656,"Psychologie",8,8,7.3
"376",370099,"Psychologie",7,6,6
"377",394023,"Psychologie",7,7.5,7.1
"378",342193,"Psychologie",9,7.5,9.9
"379",395765,"Psychologie",2,7,4.3
"380",384189,"Psychologie",7,8,8.2
"381",353873,"Psychologie",8,8,7.9
"382",368661,"Psychologie",6,7.5,6.2
"383",312809,"Psychologie",2,8,7.6
"384",330752,"Psychologie",8,8,9.1
"385",334766,"Psychologie",4,6.5,7.5
"386",320577,"Psychologie",10,8,9.4
"387",333621,"Psychologie",1,8,3.5
"388",325142,"Psychologie",3,6.5,5.8
"389",396534,"Psychologie",5,8,8.1
"390",390320,"Psychologie",3,5.5,5.7
"391",335916,"Psychologie",4,7.5,6.1
"392",310670,"Psychologie",6,7.5,7.6
"393",311157,"Psychologie",4,7.5,7
"394",341051,"Psychologie",3,5.5,4.4
"395",376190,"Psychologie",2,7,6
"396",358475,"Psychologie",3,6.5,6.1
"397",399159,"Psychologie",2,6,4.7
"398",384535,"Psychologie",2,7.5,5.9
"399",314061,"Psychologie",7,7.5,6.6
"400",390841,"Psychologie",3,6.5,5.2
"401",322050,"Psychologie",3,6.5,5.7
"402",380655,"Psychologie",7,5.5,6.7
"403",322127,"Psychologie",2,7.5,6.1
"404",318280,"Psychologie",3,8,7.2
"405",305484,"Psychologie",1,7,4.2
"406",365284,"Psychologie",3,7,4.4
"407",332349,"Psychologie",6,8,6.7
"408",399553,"Psychologie",3,5.5,6.8
"409",366817,"Psychologie",4,7,6.1
"410",347762,"Psychologie",3,7,6.4
"411",360765,"Psychologie",1,7.5,6.1
"412",312779,"Psychologie",4,8.5,8.1
"413",363057,"Psychologie",3,6.5,6.7
"414",385568,"Psychologie",3,8,6.2
"415",376881,"Psychologie",4,8,6.3
"416",369711,"Psychologie",4,7.5,4.8
"417",302420,"Psychologie",1,7,4.9
"418",379455,"Psychologie",2,8,6.2
"419",343458,"Psychologie",7,7,6.7
"420",343471,"Psychologie",3,5.5,6.6
"421",326679,"Psychologie",6,5.5,7.4
"422",352477,"Psychologie",2,7,5.1
"423",363275,"Psychologie",3,7,6
"424",390674,"Psychologie",2,8,6
"425",327330,"Psychologie",2,6.5,5.2
"426",335392,"Psychologie",6,7.5,7.7
"427",399944,"Psychologie",9,7.5,8
"428",366553,"Psychologie",2,6.5,5.6
"429",356734,"Psychologie",2,8.5,7.3
"430",304447,"Psychologie",8,7,7.3
"431",390910,"Psychologie",8,5.5,7.1
"432",373257,"Psychologie",3,6,6.7
"433",329453,"Psychologie",4,7,6.5
"434",375928,"Psychologie",2,8.5,6.6
"435",380901,"Psychologie",3,8,6.2
"436",399578,"Psychologie",1,7,4.8
"437",304963,"Psychologie",3,5.5,6.4
"438",327812,"Psychologie",10,6,8.5
"439",376849,"Psychologie",1,7,3.6
"440",335817,"Psychologie",3,6.5,7
"441",309952,"Psychologie",4,6.5,4.6
"442",354461,"Psychologie",4,7.5,6.2
"443",386930,"Psychologie",3,6,4.5
"444",397017,"Psychologie",8,5.5,7.8
"445",384239,"Psychologie",7,6.5,7.3
"446",336136,"Psychologie",10,6.5,9.4
"447",399140,"Psychologie",2,7.5,3.9
"448",308600,"Psychologie",3,6,6.3
"449",303405,"Psychologie",9,5.5,9.1
"450",375308,"Psychologie",9,7.5,8.7
"451",347524,"Psychologie",4,5.5,6.9
"452",342534,"Psychologie",2,8,6.2
"453",325806,"Psychologie",2,7,5
"454",304086,"Psychologie",6,7,6
"455",352815,"Psychologie",7,7.5,6.8
"456",334085,"Psychologie",8,7,7.2
"457",396876,"Psychologie",5,7,6.4
"458",372501,"Psychologie",2,7,5.6
"459",359163,"Psychologie",1,6.5,4.5
"460",344977,"Psychologie",3,7,6.7
"461",337520,"Psychologie",1,7.5,6.4
"462",396161,"Psychologie",5,6.5,6.5
"463",337314,"Psychologie",3,8,5.8
"464",338927,"Psychologie",10,9,8.7
"465",365941,"Psychologie",1,9,5.1
"466",356302,"Psychologie",2,7,4.7
"467",336768,"Psychologie",1,5.5,4
"468",367249,"Psychologie",2,6.5,4.5
"469",367919,"Psychologie",6,6,6.2
"470",361942,"Psychologie",2,6.5,6
"471",375053,"Psychologie",2,8,7.2
"472",393921,"Psychologie",2,7,5.6
"473",350608,"Psychologie",4,8,6.5
"474",366745,"Psychologie",8,7,7.8
"475",349656,"Psychologie",2,8,4.9
"476",370099,"Psychologie",2,8.5,4.5
"477",394023,"Psychologie",4,8,6
"478",342193,"Psychologie",4,7,7.8
"479",395765,"Psychologie",1,9,4.3
"480",384189,"Psychologie",3,8.5,6.7
"481",353873,"Psychologie",2,6.5,5.2
"482",368661,"Psychologie",2,6.5,4.4
"483",312809,"Psychologie",2,9,7.8
"484",330752,"Psychologie",1,7,6.1
"485",334766,"Psychologie",2,8,7
"486",320577,"Psychologie",8,6.5,8.3
"487",333621,"Psychologie",3,7,4.1
"488",325142,"Psychologie",10,7,8.7
"489",396534,"Psychologie",7,6.5,8.6
"490",390320,"Psychologie",10,6,8.6
"491",335916,"Psychologie",4,7.5,6.1
"492",310670,"Psychologie",6,7,7.5
"493",311157,"Psychologie",9,7.5,9
"494",341051,"Psychologie",1,6.5,3.8
"495",376190,"Psychologie",7,6,7.8
"496",358475,"Psychologie",2,7,5.8
"497",399159,"Psychologie",8,8.5,7.6
"498",384535,"Psychologie",4,6,6.4
"499",314061,"Psychologie",4,6.5,5.2
"500",390841,"Psychologie",10,7.5,8.2
"501",322050,"Onderwijskunde",8,9,8.3
"502",380655,"Onderwijskunde",4,7.5,6
"503",322127,"Onderwijskunde",6,6.5,7.5
"504",318280,"Onderwijskunde",9,6.5,9.3
"505",305484,"Onderwijskunde",2,7,4.6
"506",365284,"Onderwijskunde",5,5.5,5
"507",332349,"Onderwijskunde",3,7,5.4
"508",399553,"Onderwijskunde",2,6,6.5
"509",366817,"Onderwijskunde",8,8,8
"510",347762,"Onderwijskunde",4,7,6.9
"511",360765,"Onderwijskunde",4,7,7.2
"512",312779,"Onderwijskunde",8,6.5,9.3
"513",363057,"Onderwijskunde",8,6.5,8.7
"514",385568,"Onderwijskunde",2,6,5.5
"515",376881,"Onderwijskunde",8,8.5,8.1
"516",369711,"Onderwijskunde",2,7.5,4
"517",302420,"Onderwijskunde",8,7.5,7.8
"518",379455,"Onderwijskunde",8,6,8.2
"519",343458,"Onderwijskunde",3,8,5.4
"520",343471,"Onderwijskunde",4,8.5,7.6
"521",326679,"Onderwijskunde",4,7,6.9
"522",352477,"Onderwijskunde",3,5.5,5.2
"523",363275,"Onderwijskunde",5,6.5,6.7
"524",390674,"Onderwijskunde",10,7,9.1
"525",327330,"Onderwijskunde",7,8,7.5
"526",335392,"Onderwijskunde",8,7.5,8.5
"527",399944,"Onderwijskunde",8,7.5,7.7
"528",366553,"Onderwijskunde",10,7,8.9
"529",356734,"Onderwijskunde",9,8,10
"530",304447,"Onderwijskunde",6,5.5,6.2
"531",390910,"Onderwijskunde",7,6.5,6.9
"532",373257,"Onderwijskunde",8,6.5,8.8
"533",329453,"Onderwijskunde",10,9,9.3
"534",375928,"Onderwijskunde",2,6,6.1
"535",380901,"Onderwijskunde",2,6.5,5.6
"536",399578,"Onderwijskunde",6,7.5,6.9
"537",304963,"Onderwijskunde",3,8.5,7
"538",327812,"Onderwijskunde",9,8,8.5
"539",376849,"Onderwijskunde",8,7.5,6.6
"540",335817,"Onderwijskunde",7,6.5,8.6
"541",309952,"Onderwijskunde",8,8,6.5
"542",354461,"Onderwijskunde",8,6,7.5
"543",386930,"Onderwijskunde",8,7.5,6.9
"544",397017,"Onderwijskunde",10,6,8.8
"545",384239,"Onderwijskunde",4,7,6.3
"546",336136,"Onderwijskunde",10,6,9.3
"547",399140,"Onderwijskunde",3,7.5,4.4
"548",308600,"Onderwijskunde",2,8,6.3
"549",303405,"Onderwijskunde",2,6.5,6.5
"550",375308,"Onderwijskunde",4,5.5,6.4
"551",347524,"Onderwijskunde",5,6.5,7.5
"552",342534,"Onderwijskunde",7,6,7.9
"553",325806,"Onderwijskunde",10,7.5,8.3
"554",304086,"Onderwijskunde",5,7.5,5.7
"555",352815,"Onderwijskunde",8,8,7.3
"556",334085,"Onderwijskunde",8,7.5,7.3
"557",396876,"Onderwijskunde",3,6.5,5.6
"558",372501,"Onderwijskunde",3,7,6
"559",359163,"Onderwijskunde",2,7,5.1
"560",344977,"Onderwijskunde",8,5.5,8.5
"561",337520,"Onderwijskunde",3,6.5,7
"562",396161,"Onderwijskunde",3,6.5,5.7
"563",337314,"Onderwijskunde",10,8,8.6
"564",338927,"Onderwijskunde",2,8.5,5.5
"565",365941,"Onderwijskunde",3,7.5,5.7
"566",356302,"Onderwijskunde",8,6,6.9
"567",336768,"Onderwijskunde",9,7,7.5
"568",367249,"Onderwijskunde",10,7,7.8
"569",367919,"Onderwijskunde",4,5.5,5.4
"570",361942,"Onderwijskunde",8,6,8.4
"571",375053,"Onderwijskunde",2,9.5,7.5
"572",393921,"Onderwijskunde",2,6,5.4
"573",350608,"Onderwijskunde",10,6,8.6
"574",366745,"Onderwijskunde",8,8,8
"575",349656,"Onderwijskunde",8,8,7.4
"576",370099,"Onderwijskunde",7,7,6.2
"577",394023,"Onderwijskunde",6,8.5,7
"578",342193,"Onderwijskunde",8,6,9.3
"579",395765,"Onderwijskunde",4,8,5.4
"580",384189,"Onderwijskunde",10,7,9.3
"581",353873,"Onderwijskunde",8,6.5,7.7
"582",368661,"Onderwijskunde",4,7.5,5.4
"583",312809,"Onderwijskunde",8,6.5,9.8
"584",330752,"Onderwijskunde",8,9,9.4
"585",334766,"Onderwijskunde",7,6.5,8.7
"586",320577,"Onderwijskunde",2,7,6.1
"587",333621,"Onderwijskunde",2,7,3.7
"588",325142,"Onderwijskunde",4,5.5,6
"589",396534,"Onderwijskunde",3,9,7.5
"590",390320,"Onderwijskunde",3,6.5,5.9
"591",335916,"Onderwijskunde",10,7,8.5
"592",310670,"Onderwijskunde",3,6.5,6.2
"593",311157,"Onderwijskunde",3,7,6.5
"594",341051,"Onderwijskunde",4,9,5.5
"595",376190,"Onderwijskunde",8,8,8.7
"596",358475,"Onderwijskunde",2,8.5,6.1
"597",399159,"Onderwijskunde",8,7,7.3
"598",384535,"Onderwijskunde",1,6.5,5.4
"599",314061,"Onderwijskunde",2,7,4.5
"600",390841,"Onderwijskunde",4,7.5,5.8
"601",322050,"Onderwijskunde",2,8.5,5.8
"602",380655,"Onderwijskunde",3,7.5,5.6
"603",322127,"Onderwijskunde",10,9.5,9.7
"604",318280,"Onderwijskunde",4,6.5,7.3
"605",305484,"Onderwijskunde",8,9,7.4
"606",365284,"Onderwijskunde",6,8.5,6
"607",332349,"Onderwijskunde",5,7.5,6.3
"608",399553,"Onderwijskunde",5,9,8.3
"609",366817,"Onderwijskunde",7,5.5,7.1
"610",347762,"Onderwijskunde",7,6,7.9
"611",360765,"Onderwijskunde",10,6.5,9.5
"612",312779,"Onderwijskunde",3,6,7.2
"613",363057,"Onderwijskunde",5,7,7.6
"614",385568,"Onderwijskunde",8,7,8.1
"615",376881,"Onderwijskunde",2,6,5.2
"616",369711,"Onderwijskunde",3,8,4.5
"617",302420,"Onderwijskunde",8,7,7.7
"618",379455,"Onderwijskunde",2,8,6.2
"619",343458,"Onderwijskunde",1,8,4.6
"620",343471,"Onderwijskunde",8,7,8.9
"621",326679,"Onderwijskunde",3,5.5,6.2
"622",352477,"Onderwijskunde",5,6.5,6.2
"623",363275,"Onderwijskunde",7,7.5,7.7
"624",390674,"Onderwijskunde",8,8,8.5
"625",327330,"Onderwijskunde",9,9,8.5
"626",335392,"Onderwijskunde",1,8.5,5.9
"627",399944,"Onderwijskunde",1,8,5
"628",366553,"Onderwijskunde",10,8,9.1
"629",356734,"Onderwijskunde",1,8,6.8
"630",304447,"Onderwijskunde",8,9,7.7
"631",390910,"Onderwijskunde",8,7.5,7.5
"632",373257,"Onderwijskunde",7,7.5,8.6
"633",329453,"Onderwijskunde",8,5.5,7.8
"634",375928,"Onderwijskunde",3,8,6.9
"635",380901,"Onderwijskunde",3,7,6.1
"636",399578,"Onderwijskunde",7,7.5,7.3
"637",304963,"Onderwijskunde",1,6,5.7
"638",327812,"Onderwijskunde",3,8,6.1
"639",376849,"Onderwijskunde",8,5.5,6.2
"640",335817,"Onderwijskunde",8,6,8.9
"641",309952,"Onderwijskunde",2,5.5,3.6
"642",354461,"Onderwijskunde",10,7.5,8.6
"643",386930,"Onderwijskunde",4,5.5,4.9
"644",397017,"Onderwijskunde",8,9,8.6
"645",384239,"Onderwijskunde",6,8,7.3
"646",336136,"Onderwijskunde",10,9,9.9
"647",399140,"Onderwijskunde",2,7,3.9
"648",308600,"Onderwijskunde",9,7.5,9
"649",303405,"Onderwijskunde",3,8.5,7.3
"650",375308,"Onderwijskunde",10,8.5,9.4
"651",347524,"Onderwijskunde",6,7,8
"652",342534,"Onderwijskunde",8,6.5,8.4
"653",325806,"Onderwijskunde",2,6,4.8
"654",304086,"Onderwijskunde",2,7,4.4
"655",352815,"Onderwijskunde",2,7.5,4.8
"656",334085,"Onderwijskunde",1,8,4.6
"657",396876,"Onderwijskunde",8,8,7.9
"658",372501,"Onderwijskunde",8,7.5,8.1
"659",359163,"Onderwijskunde",6,7.5,6.8
"660",344977,"Onderwijskunde",3,6.5,6.7
"661",337520,"Onderwijskunde",9,8.5,9.8
"662",396161,"Onderwijskunde",3,7,5.8
"663",337314,"Onderwijskunde",2,7,5.2
"664",338927,"Onderwijskunde",1,8,5
"665",365941,"Onderwijskunde",2,7,5.2
"666",356302,"Onderwijskunde",7,8,6.9
"667",336768,"Onderwijskunde",6,8.5,6.6
"668",367249,"Onderwijskunde",8,7.5,7.1
"669",367919,"Onderwijskunde",2,9,5.3
"670",361942,"Onderwijskunde",10,8.5,9.7
"671",375053,"Onderwijskunde",2,8,7.2
"672",393921,"Onderwijskunde",3,6.5,5.9
"673",350608,"Onderwijskunde",3,8,6.2
"674",366745,"Onderwijskunde",1,5.5,4.7
"675",349656,"Onderwijskunde",9,6.5,7.5
"676",370099,"Onderwijskunde",3,7,4.6
"677",394023,"Onderwijskunde",2,7.5,5.2
"678",342193,"Onderwijskunde",8,7.5,9.6
"679",395765,"Onderwijskunde",2,9,4.8
"680",384189,"Onderwijskunde",3,8.5,6.8
"681",353873,"Onderwijskunde",1,5.5,4.7
"682",368661,"Onderwijskunde",3,7.5,5
"683",312809,"Onderwijskunde",8,8,10
"684",330752,"Onderwijskunde",5,7,7.8
"685",334766,"Onderwijskunde",6,7.5,8.5
"686",320577,"Onderwijskunde",2,7.5,6.2
"687",333621,"Onderwijskunde",4,5.5,4.2
"688",325142,"Onderwijskunde",5,8.5,7
"689",396534,"Onderwijskunde",7,8.5,9
"690",390320,"Onderwijskunde",4,6,6.2
"691",335916,"Onderwijskunde",7,6,7.1
"692",310670,"Onderwijskunde",9,7.5,8.8
"693",311157,"Onderwijskunde",3,7.5,6.6
"694",341051,"Onderwijskunde",3,7,4.7
"695",376190,"Onderwijskunde",4,7.5,7
"696",358475,"Onderwijskunde",5,7.5,7.1
"697",399159,"Onderwijskunde",3,6,5.1
"698",384535,"Onderwijskunde",4,8,6.9
"699",314061,"Onderwijskunde",4,7.5,5.4
"700",390841,"Onderwijskunde",7,6.5,6.8
"701",322050,"Sociologie",2,7,5.1
"702",380655,"Sociologie",8,8,7.3
"703",322127,"Sociologie",7,7.5,7.7
"704",318280,"Sociologie",8,7.5,8.7
"705",305484,"Sociologie",3,8.5,4.9
"706",365284,"Sociologie",4,8,4.7
"707",332349,"Sociologie",3,7.5,5.1
"708",399553,"Sociologie",4,7,7.1
"709",366817,"Sociologie",5,8.5,6.5
"710",347762,"Sociologie",8,6.5,8
"711",360765,"Sociologie",8,7.5,8.5
"712",312779,"Sociologie",9,7.5,9.5
"713",363057,"Sociologie",2,8,6.2
"714",385568,"Sociologie",8,6,7.5
"715",376881,"Sociologie",10,5.5,7.9
"716",369711,"Sociologie",7,6.5,5.4
"717",302420,"Sociologie",2,6.5,4.8
"718",379455,"Sociologie",9,6,8.2
"719",343458,"Sociologie",3,7,4.8
"720",343471,"Sociologie",8,7.5,8.6
"721",326679,"Sociologie",8,5.5,7.8
"722",352477,"Sociologie",3,8,5.3
"723",363275,"Sociologie",3,8.5,5.9
"724",390674,"Sociologie",3,7,5.9
"725",327330,"Sociologie",2,8,5.1
"726",335392,"Sociologie",3,9.5,6.5
"727",399944,"Sociologie",7,8,7
"728",366553,"Sociologie",3,7,5.7
"729",356734,"Sociologie",10,6.5,9.7
"730",304447,"Sociologie",10,8,7.9
"731",390910,"Sociologie",4,6,5.2
"732",373257,"Sociologie",2,9,6.5
"733",329453,"Sociologie",2,7.5,5.4
"734",375928,"Sociologie",5,5.5,6.8
"735",380901,"Sociologie",1,7,4.9
"736",399578,"Sociologie",2,8,5
"737",304963,"Sociologie",4,7,6.7
"738",327812,"Sociologie",3,6.5,5.4
"739",376849,"Sociologie",8,7,6.1
"740",335817,"Sociologie",9,6,8.9
"741",309952,"Sociologie",7,7.5,5.6
"742",354461,"Sociologie",3,7,5.3
"743",386930,"Sociologie",1,7,3.6
"744",397017,"Sociologie",9,7.5,8.3
"745",384239,"Sociologie",2,7,5.1
"746",336136,"Sociologie",3,8.5,6.6
"747",399140,"Sociologie",4,6.5,4.2
"748",308600,"Sociologie",8,7,8.1
"749",303405,"Sociologie",4,5.5,6.7
"750",375308,"Sociologie",9,7,8.3
"751",347524,"Sociologie",8,8,8.6
"752",342534,"Sociologie",4,8,6.7
"753",325806,"Sociologie",5,8.5,6.1
"754",304086,"Sociologie",7,7.5,6.1
"755",352815,"Sociologie",3,7.5,4.8
"756",334085,"Sociologie",8,8.5,7.1
"757",396876,"Sociologie",4,7,5.7
"758",372501,"Sociologie",4,6.5,5.9
"759",359163,"Sociologie",1,7,4.3
"760",344977,"Sociologie",3,8.5,6.7
"761",337520,"Sociologie",8,7.5,8.8
"762",396161,"Sociologie",8,8,7.6
"763",337314,"Sociologie",7,6.5,6.7
"764",338927,"Sociologie",10,6,7.8
"765",365941,"Sociologie",2,6,4.6
"766",356302,"Sociologie",9,7,7.1
"767",336768,"Sociologie",8,8,6.9
"768",367249,"Sociologie",6,8,6
"769",367919,"Sociologie",2,7.5,4.6
"770",361942,"Sociologie",3,7.5,6.3
"771",375053,"Sociologie",7,5.5,8.3
"772",393921,"Sociologie",5,6.5,6.3
"773",350608,"Sociologie",6,7,6.8
"774",366745,"Sociologie",8,8.5,7.7
"775",349656,"Sociologie",1,6.5,3.9
"776",370099,"Sociologie",8,5.5,5.9
"777",394023,"Sociologie",3,6,4.9
"778",342193,"Sociologie",3,8,7.3
"779",395765,"Sociologie",8,5.5,6.1
"780",384189,"Sociologie",6,8.5,7.6
"781",353873,"Sociologie",4,7.5,5.9
"782",368661,"Sociologie",8,7.5,6.6
"783",312809,"Sociologie",2,8.5,7.4
"784",330752,"Sociologie",2,9.5,6.7
"785",334766,"Sociologie",10,7,9.6
"786",320577,"Sociologie",5,7.5,7
"787",333621,"Sociologie",8,6,5.5
"788",325142,"Sociologie",8,7,7.5
"789",396534,"Sociologie",2,8,6.5
"790",390320,"Sociologie",8,5.5,7.3
"791",335916,"Sociologie",2,6.5,4.8
"792",310670,"Sociologie",8,9,8.3
"793",311157,"Sociologie",4,8,6.7
"794",341051,"Sociologie",3,7.5,4.4
"795",376190,"Sociologie",2,7,5.7
"796",358475,"Sociologie",5,8.5,6.9
"797",399159,"Sociologie",7,6.5,6.4
"798",384535,"Sociologie",7,5.5,7.2
"799",314061,"Sociologie",3,8,4.7
"800",390841,"Sociologie",8,5.5,6.6
"801",322050,"Sociologie",4,5.5,5.6
"802",380655,"Sociologie",9,7,7.5
"803",322127,"Sociologie",10,6.5,8.7
"804",318280,"Sociologie",3,6.5,6.5
"805",305484,"Sociologie",2,7,4.2
"806",365284,"Sociologie",3,8.5,4.4
"807",332349,"Sociologie",3,7,5
"808",399553,"Sociologie",3,5.5,6.4
"809",366817,"Sociologie",8,9,7.8
"810",347762,"Sociologie",8,8,8.3
"811",360765,"Sociologie",4,7.5,6.9
"812",312779,"Sociologie",7,5.5,8.3
"813",363057,"Sociologie",7,8.5,8.3
"814",385568,"Sociologie",10,6.5,8.4
"815",376881,"Sociologie",8,9,7.8
"816",369711,"Sociologie",4,8,4.5
"817",302420,"Sociologie",3,8,5.5
"818",379455,"Sociologie",9,7.5,8.5
"819",343458,"Sociologie",3,9,5.2
"820",343471,"Sociologie",10,6,9.1
"821",326679,"Sociologie",3,6.5,6
"822",352477,"Sociologie",2,7.5,4.8
"823",363275,"Sociologie",7,7.5,7.3
"824",390674,"Sociologie",4,7.5,6.4
"825",327330,"Sociologie",5,8,6.3
"826",335392,"Sociologie",3,7.5,6.1
"827",399944,"Sociologie",10,6,7.8
"828",366553,"Sociologie",4,6,5.9
"829",356734,"Sociologie",3,7,7
"830",304447,"Sociologie",3,8,5.1
"831",390910,"Sociologie",7,7.5,6.7
"832",373257,"Sociologie",2,7.5,6.2
"833",329453,"Sociologie",2,6.5,5.2
"834",375928,"Sociologie",7,8,8.1
"835",380901,"Sociologie",3,6.5,5.6
"836",399578,"Sociologie",7,5.5,6.5
"837",304963,"Sociologie",3,8.5,6.6
"838",327812,"Sociologie",2,7,5.1
"839",376849,"Sociologie",5,6,4.7
"840",335817,"Sociologie",10,7.5,9.6
"841",309952,"Sociologie",2,7,3.5
"842",354461,"Sociologie",8,7,7.3
"843",386930,"Sociologie",2,6.5,3.9
"844",397017,"Sociologie",10,7.5,8.7
"845",384239,"Sociologie",8,7,7.5
"846",336136,"Sociologie",10,7,9.1
"847",399140,"Sociologie",10,5.5,6.4
"848",308600,"Sociologie",3,7.5,6.2
"849",303405,"Sociologie",5,7,7.4
"850",375308,"Sociologie",7,7.5,7.6
"851",347524,"Sociologie",8,7,8.4
"852",342534,"Sociologie",1,6,5.1
"853",325806,"Sociologie",9,6,7.2
"854",304086,"Sociologie",8,7.5,6.5
"855",352815,"Sociologie",8,6.5,6.6
"856",334085,"Sociologie",8,5.5,6.5
"857",396876,"Sociologie",5,7,6.1
"858",372501,"Sociologie",2,6.5,5.1
"859",359163,"Sociologie",4,6.5,5.4
"860",344977,"Sociologie",2,7,6
"861",337520,"Sociologie",8,7,8.7
"862",396161,"Sociologie",3,5.5,5.1
"863",337314,"Sociologie",7,8.5,7.1
"864",338927,"Sociologie",6,8.5,6.7
"865",365941,"Sociologie",10,8.5,8.3
"866",356302,"Sociologie",2,5.5,4
"867",336768,"Sociologie",3,7,4.7
"868",367249,"Sociologie",3,8.5,4.9
"869",367919,"Sociologie",2,7,4.5
"870",361942,"Sociologie",9,8,8.8
"871",375053,"Sociologie",2,6,6.4
"872",393921,"Sociologie",3,7.5,5.7
"873",350608,"Sociologie",1,7.5,4.9
"874",366745,"Sociologie",10,8.5,8.5
"875",349656,"Sociologie",6,8.5,6.3
"876",370099,"Sociologie",7,7.5,5.9
"877",394023,"Sociologie",4,6.5,5.4
"878",342193,"Sociologie",3,6,6.9
"879",395765,"Sociologie",1,7,3.6
"880",384189,"Sociologie",3,8.5,6.4
"881",353873,"Sociologie",2,6.5,4.9
"882",368661,"Sociologie",8,7,6.5
"883",312809,"Sociologie",4,7,7.9
"884",330752,"Sociologie",7,7.5,8.3
"885",334766,"Sociologie",10,6,9.4
"886",320577,"Sociologie",4,8,6.7
"887",333621,"Sociologie",6,7,4.9
"888",325142,"Sociologie",8,7.5,7.6
"889",396534,"Sociologie",5,7,7.5
"890",390320,"Sociologie",3,5.5,5.3
"891",335916,"Sociologie",2,6.5,4.8
"892",310670,"Sociologie",3,7,5.9
"893",311157,"Sociologie",3,8,6.3
"894",341051,"Sociologie",3,8,4.5
"895",376190,"Sociologie",3,6,5.9
"896",358475,"Sociologie",3,7,5.8
"897",399159,"Sociologie",2,6.5,4.4
"898",384535,"Sociologie",8,6.5,7.8
"899",314061,"Sociologie",3,6.5,4.4
"900",390841,"Sociologie",8,6.5,6.8
"901",322050,"Sociologie",4,6.5,5.8
"902",380655,"Sociologie",3,8,5.3
"903",322127,"Sociologie",6,8.5,7.5
"904",318280,"Sociologie",8,8.5,8.9
"905",305484,"Sociologie",8,8.5,6.9
"906",365284,"Sociologie",3,7.5,4.2
"907",332349,"Sociologie",8,8,7.2
"908",399553,"Sociologie",10,7,9.5
"909",366817,"Sociologie",6,7,6.6
"910",347762,"Sociologie",3,6,5.9
"911",360765,"Sociologie",5,8.5,7.5
"912",312779,"Sociologie",3,7,7
"913",363057,"Sociologie",9,6.5,8.7
"914",385568,"Sociologie",4,7,6.1
"915",376881,"Sociologie",7,7.5,7.1
"916",369711,"Sociologie",4,6,4.1
"917",302420,"Sociologie",3,9,5.7
"918",379455,"Sociologie",8,9.5,8.5
"919",343458,"Sociologie",2,8.5,4.7
"920",343471,"Sociologie",8,8.5,8.8
"921",326679,"Sociologie",3,7.5,6.2
"922",352477,"Sociologie",4,8.5,5.8
"923",363275,"Sociologie",8,6.5,7.5
"924",390674,"Sociologie",10,8,8.9
"925",327330,"Sociologie",10,7.5,8.2
"926",335392,"Sociologie",8,6,7.8
"927",399944,"Sociologie",3,8.5,5.5
"928",366553,"Sociologie",3,6.5,5.6
"929",356734,"Sociologie",7,7,8.6
"930",304447,"Sociologie",6,8,6.3
"931",390910,"Sociologie",3,8,5.2
"932",373257,"Sociologie",2,6.5,6
"933",329453,"Sociologie",3,8,5.9
"934",375928,"Sociologie",5,7,7.1
"935",380901,"Sociologie",3,6.5,5.6
"936",399578,"Sociologie",2,5.5,4.5
"937",304963,"Sociologie",3,7,6.3
"938",327812,"Sociologie",8,6.5,7.4
"939",376849,"Sociologie",7,7.5,5.8
"940",335817,"Sociologie",10,7.5,9.6
"941",309952,"Sociologie",9,8,6.5
"942",354461,"Sociologie",2,7.5,5
"943",386930,"Sociologie",7,6.5,5.9
"944",397017,"Sociologie",6,7.5,7.1
"945",384239,"Sociologie",3,7,5.5
"946",336136,"Sociologie",9,7,8.7
"947",399140,"Sociologie",4,7.5,4.4
"948",308600,"Sociologie",10,7.5,9
"949",303405,"Sociologie",4,8.5,7.3
"950",375308,"Sociologie",10,6.5,8.6
"951",347524,"Sociologie",8,8.5,8.7
"952",342534,"Sociologie",8,9,8.5
"953",325806,"Sociologie",8,6.5,6.9
"954",304086,"Sociologie",8,7,6.4
"955",352815,"Sociologie",8,6.5,6.6
"956",334085,"Sociologie",7,8,6.6
"957",396876,"Sociologie",7,6,6.7
"958",372501,"Sociologie",3,8.5,5.9
"959",359163,"Sociologie",7,6.5,6.6
"960",344977,"Sociologie",8,6.5,8.3
"961",337520,"Sociologie",7,8,8.5
"962",396161,"Sociologie",10,7,8.2
"963",337314,"Sociologie",7,7.5,6.9
"964",338927,"Sociologie",2,9,5.2
"965",365941,"Sociologie",7,7.5,6.9
"966",356302,"Sociologie",10,9,7.9
"967",336768,"Sociologie",2,7.5,4.4
"968",367249,"Sociologie",7,8.5,6.5
"969",367919,"Sociologie",3,8,5.1
"970",361942,"Sociologie",4,7.5,6.7
"971",375053,"Sociologie",10,6,9.6
"972",393921,"Sociologie",9,6,7.8
"973",350608,"Sociologie",4,5.5,5.7
"974",366745,"Sociologie",9,7.5,7.9
"975",349656,"Sociologie",10,7,7.6
"976",370099,"Sociologie",2,7.5,3.9
"977",394023,"Sociologie",10,7,7.9
"978",342193,"Sociologie",7,8,8.9
"979",395765,"Sociologie",10,7.5,7.3
"980",384189,"Sociologie",9,6.5,8.4
"981",353873,"Sociologie",3,9,5.8
"982",368661,"Sociologie",7,6,5.9
"983",312809,"Sociologie",6,7.5,8.8
"984",330752,"Sociologie",9,6,8.8
"985",334766,"Sociologie",7,7.5,8.5
"986",320577,"Sociologie",8,7,8.1
"987",333621,"Sociologie",3,6.5,3.6
"988",325142,"Sociologie",4,8.5,6.2
"989",396534,"Sociologie",7,6.5,8.2
"990",390320,"Sociologie",3,7.5,5.7
"991",335916,"Sociologie",10,6.5,8
"992",310670,"Sociologie",8,6.5,7.8
"993",311157,"Sociologie",8,7,8.1
"994",341051,"Sociologie",10,7,7.1
"995",376190,"Sociologie",3,9.5,6.6
"996",358475,"Sociologie",5,6.5,6.5
"997",399159,"Sociologie",7,8.5,6.8
"998",384535,"Sociologie",8,7.5,8
"999",314061,"Sociologie",8,6.5,6.4
"1000",390841,"Sociologie",3,7.5,5
