"","Studentnummer","Premaster","Vak","Cijfer"
"1","4275685","Premaster","Sustainable Innovation",5.39569556724222
"2","4347741","Premaster","Sustainable Innovation",7.71459173706347
"3","4090501","Premaster","Sustainable Innovation",6.54952913756237
"4","4017411","Premaster","Sustainable Innovation",6.33778516242612
"5","4117757","Premaster","Sustainable Innovation",7.03019216828555
"6","4060207","Premaster","Sustainable Innovation",7.50124374440773
"7","4250036","Premaster","Sustainable Innovation",6.26492913471337
"8","4396445","Premaster","Sustainable Innovation",6.48952921706665
"9","4471848","Premaster","Sustainable Innovation",6.19504621650136
"10","4429894","Premaster","Sustainable Innovation",6.77294184378699
"11","4494423","Premaster","Sustainable Innovation",5.75107268460026
"12","4049135","Premaster","Sustainable Innovation",4.98445600748379
"13","4326888","Premaster","Sustainable Innovation",7.44854470658812
"14","4248008","Premaster","Sustainable Innovation",6.94756676546581
"15","4034135","Premaster","Sustainable Innovation",5.36679874770964
"16","4045393","Premaster","Sustainable Innovation",5.31346341752441
"17","4496435","Premaster","Sustainable Innovation",5.80997071950569
"18","4307431","Premaster","Sustainable Innovation",5.60664587240651
"19","4285080","Premaster","Sustainable Innovation",6.07518507987277
"20","4473605","Premaster","Sustainable Innovation",7.16045279278348
"21","4486818","Premaster","Sustainable Innovation",6.93047293917752
"22","4112291","Premaster","Sustainable Innovation",7.22181877501528
"23","4113851","Premaster","Sustainable Innovation",6.64024226079327
"24","4172447","Premaster","Sustainable Innovation",6.67105075809378
"25","4112273","Premaster","Sustainable Innovation",6.63110946807559
"26","4413006","Premaster","Sustainable Innovation",5.46224370613458
"27","4033311","Premaster","Sustainable Innovation",6.63812300399829
"28","4046562","Premaster","Sustainable Innovation",6.05033060237814
"29","4158760","Premaster","Sustainable Innovation",7.11757074551597
"30","4485572","Premaster","Sustainable Innovation",5.71421252608017
"31","4377827","Premaster","Sustainable Innovation",5.06274954624901
"32","4382156","Premaster","Sustainable Innovation",5.43684821268885
"33","4267405","Premaster","Sustainable Innovation",5.31307511086169
"34","4326707","Premaster","Sustainable Innovation",5.85665525943786
"35","4194712","Premaster","Sustainable Innovation",6.51734855770454
"36","4380424","Premaster","Sustainable Innovation",8.9035109980708
"37","4134680","Premaster","Sustainable Innovation",5.31707133708458
"38","4145731","Premaster","Sustainable Innovation",5.56835328610726
"39","4201767","Premaster","Sustainable Innovation",5.87313187956121
"40","4088516","Premaster","Sustainable Innovation",7.04620950008933
"41","4135870","Premaster","Sustainable Innovation",4.70695205920148
"42","4379763","Premaster","Sustainable Innovation",5.85647814386276
"43","4290469","Premaster","Sustainable Innovation",4.47955939605249
"44","4025371","Premaster","Sustainable Innovation",7.57182829636592
"45","4086333","Premaster","Sustainable Innovation",7.02873852200884
"46","4124816","Premaster","Sustainable Innovation",4.98561964690588
"47","4276331","Premaster","Sustainable Innovation",6.27246772772631
"48","4334183","Premaster","Sustainable Innovation",5.95727699523626
"49","4279992","Premaster","Sustainable Innovation",3.60683833746061
"50","4023612","Premaster","Sustainable Innovation",3.42304779700397
"51","4064594","Premaster","Sustainable Innovation",5.51736434769965
"52","4072901","Premaster","Sustainable Innovation",5.08175712696469
"53","4207127","Premaster","Sustainable Innovation",4.73189111287753
"54","4280625","Premaster","Sustainable Innovation",5.46953711887419
"55","4174873","Premaster","Sustainable Innovation",4.83433679013821
"56","4175971","Premaster","Sustainable Innovation",7.29597857835041
"57","4234661","Premaster","Sustainable Innovation",7.46695231890168
"58","4057718","Premaster","Sustainable Innovation",7.62487682855019
"59","4320139","Premaster","Sustainable Innovation",6.5195805128996
"60","4232818","Premaster","Sustainable Innovation",9.11478660237023
"61","4139293","Premaster","Sustainable Innovation",4.61376237240052
"62","4301951","Premaster","Sustainable Innovation",7.25333488486903
"63","4110296","Premaster","Sustainable Innovation",6.10313783819264
"64","4303104","Premaster","Sustainable Innovation",4.46927045744184
"65","4226006","Premaster","Sustainable Innovation",5.84423317111399
"66","4431942","Premaster","Sustainable Innovation",7.60927235354481
"67","4190111","Premaster","Sustainable Innovation",7.83457547203807
"68","4313626","Premaster","Sustainable Innovation",5.87378787498522
"69","4162331","Premaster","Sustainable Innovation",6.84359236322659
"70","4292741","Premaster","Sustainable Innovation",5.96986644866525
"71","4399572","Premaster","Sustainable Innovation",4.32854478112653
"72","4490239","Premaster","Sustainable Innovation",6.03787429093216
"73","4474319","Premaster","Sustainable Innovation",4.45254855873157
"74","4087663","Premaster","Sustainable Innovation",4.3561924039986
"75","4002886","Premaster","Sustainable Innovation",6.06242933424169
"76","4248391","Premaster","Sustainable Innovation",7.24810507684247
"77","4366233","Premaster","Sustainable Innovation",5.33384668845955
"78","4438445","Premaster","Sustainable Innovation",4.98424635536092
"79","4069432","Premaster","Sustainable Innovation",6.86410219286148
"80","4052640","Premaster","Sustainable Innovation",5.36037854707346
"81","4355926","Geen premaster","Sustainable Innovation",7.00413882347261
"82","4392356","Geen premaster","Sustainable Innovation",8.06765520903304
"83","4357205","Geen premaster","Sustainable Innovation",5.87643141509669
"84","4080049","Geen premaster","Sustainable Innovation",6.65765992709545
"85","4417802","Geen premaster","Sustainable Innovation",7.84813996245493
"86","4159403","Geen premaster","Sustainable Innovation",6.22976250475981
"87","4289726","Geen premaster","Sustainable Innovation",6.6451920509927
"88","4212745","Geen premaster","Sustainable Innovation",6.5558209233106
"89","4277302","Geen premaster","Sustainable Innovation",8.29376169663205
"90","4287561","Geen premaster","Sustainable Innovation",5.56750200073047
"91","4473757","Geen premaster","Sustainable Innovation",5.05119499643222
"92","4270611","Geen premaster","Sustainable Innovation",5.53843769953876
"93","4061979","Geen premaster","Sustainable Innovation",7.02973436512506
"94","4228217","Geen premaster","Sustainable Innovation",4.40151061954548
"95","4347642","Geen premaster","Sustainable Innovation",5.42451220251045
"96","4135071","Geen premaster","Sustainable Innovation",7.41851764913207
"97","4380985","Geen premaster","Sustainable Innovation",6.8456817390317
"98","4472903","Geen premaster","Sustainable Innovation",6.4236561344652
"99","4223843","Geen premaster","Sustainable Innovation",7.4898019118127
"100","4137622","Geen premaster","Sustainable Innovation",4.72001945417237
"101","4220740","Geen premaster","Sustainable Innovation",7.05320729154384
"102","4380919","Geen premaster","Sustainable Innovation",5.58828411558429
"103","4095348","Geen premaster","Sustainable Innovation",6.75483119916912
"104","4182233","Geen premaster","Sustainable Innovation",5.48873375009129
"105","4419450","Geen premaster","Sustainable Innovation",5.0626254492585
"106","4215652","Geen premaster","Sustainable Innovation",5.56524103905268
"107","4435739","Geen premaster","Sustainable Innovation",5.59084478506277
"108","4445539","Geen premaster","Sustainable Innovation",7.25981884271701
"109","4352541","Geen premaster","Sustainable Innovation",6.57502207753665
"110","4099618","Geen premaster","Sustainable Innovation",7.69716664978004
"111","4211094","Geen premaster","Sustainable Innovation",5.67007141233917
"112","4399864","Geen premaster","Sustainable Innovation",6.08909613259128
"113","4261102","Geen premaster","Sustainable Innovation",6.39221806163436
"114","4062542","Geen premaster","Sustainable Innovation",6.6005789181481
"115","4481677","Geen premaster","Sustainable Innovation",7.30142254183909
"116","4414179","Geen premaster","Sustainable Innovation",7.22530773650876
"117","4176386","Geen premaster","Sustainable Innovation",7.08096298075758
"118","4347630","Geen premaster","Sustainable Innovation",6.95562859961363
"119","4439247","Geen premaster","Sustainable Innovation",4.80267723834714
"120","4469134","Geen premaster","Sustainable Innovation",5.49595101212717
"121","4205318","Geen premaster","Sustainable Innovation",4.98079507938625
"122","4492873","Geen premaster","Sustainable Innovation",6.69049111041826
"123","4187632","Geen premaster","Sustainable Innovation",6.44689995301205
"124","4044090","Geen premaster","Sustainable Innovation",7.33115084792423
"125","4046460","Geen premaster","Sustainable Innovation",8.59611451624781
"126","4317583","Geen premaster","Sustainable Innovation",4.65301087501447
"127","4219833","Geen premaster","Sustainable Innovation",6.7867942526405
"128","4191246","Geen premaster","Sustainable Innovation",5.29931057438609
"129","4023216","Geen premaster","Sustainable Innovation",4.7033563820376
"130","4488531","Geen premaster","Sustainable Innovation",7.11787875482746
"131","4307337","Geen premaster","Sustainable Innovation",6.92186959991872
"132","4030687","Geen premaster","Sustainable Innovation",8.6068028275523
"133","4179429","Geen premaster","Sustainable Innovation",5.46453929898035
"134","4015621","Geen premaster","Sustainable Innovation",6.24765428494303
"135","4312491","Geen premaster","Sustainable Innovation",6.24560298314338
"136","4404433","Geen premaster","Sustainable Innovation",7.2664150147086
"137","4104527","Geen premaster","Sustainable Innovation",5.52495105186152
"138","4097116","Geen premaster","Sustainable Innovation",5.95661477906144
"139","4003516","Geen premaster","Sustainable Innovation",6.44174750770992
"140","4391828","Geen premaster","Sustainable Innovation",6.82638807924945
"141","4457085","Geen premaster","Sustainable Innovation",5.59747103446654
"142","4299573","Geen premaster","Sustainable Innovation",6.16873427234413
"143","4483959","Geen premaster","Sustainable Innovation",5.24050939213816
"144","4167966","Geen premaster","Sustainable Innovation",6.66819862784543
"145","4209870","Geen premaster","Sustainable Innovation",6.37108052175074
"146","4276898","Geen premaster","Sustainable Innovation",6.52787512479464
"147","4227946","Geen premaster","Sustainable Innovation",4.89694189884374
"148","4330552","Geen premaster","Sustainable Innovation",7.21834431317488
"149","4425967","Geen premaster","Sustainable Innovation",7.71315099040326
"150","4271684","Geen premaster","Sustainable Innovation",8.09584513920589
"151","4429046","Geen premaster","Sustainable Innovation",8.86182961089056
"152","4212756","Geen premaster","Sustainable Innovation",4.86246250864871
"153","4440297","Geen premaster","Sustainable Innovation",7.11148306921779
"154","4101355","Geen premaster","Sustainable Innovation",6.84195031361551
"155","4036430","Geen premaster","Sustainable Innovation",4.79753562364196
"156","4044023","Geen premaster","Sustainable Innovation",6.17610234766853
"157","4098986","Geen premaster","Sustainable Innovation",7.60025087881909
"158","4355628","Geen premaster","Sustainable Innovation",7.66175904945362
"159","4387989","Geen premaster","Sustainable Innovation",5.63426412696022
"160","4236226","Geen premaster","Sustainable Innovation",6.18755284253396
"161","4362733","Geen premaster","Sustainable Innovation",7.55828219851917
"162","4237697","Geen premaster","Sustainable Innovation",6.43190305047612
"163","4347615","Geen premaster","Sustainable Innovation",4.25177487255649
"164","4112674","Geen premaster","Sustainable Innovation",5.7970465597665
"165","4023661","Geen premaster","Sustainable Innovation",7.2445832183577
"166","4298319","Geen premaster","Sustainable Innovation",6.77481907396956
"167","4484938","Geen premaster","Sustainable Innovation",4.36515463045726
"168","4270358","Geen premaster","Sustainable Innovation",5.9162395786055
"169","4344832","Geen premaster","Sustainable Innovation",6.60658977154814
"170","4425960","Geen premaster","Sustainable Innovation",6.82407478916924
"171","4438576","Geen premaster","Sustainable Innovation",6.74320406220002
"172","4124214","Geen premaster","Sustainable Innovation",4.80217403931464
"173","4063181","Geen premaster","Sustainable Innovation",6.39249300312056
"174","4078160","Geen premaster","Sustainable Innovation",6.76374348362231
"175","4138833","Geen premaster","Sustainable Innovation",6.83838206996194
"176","4305745","Geen premaster","Sustainable Innovation",7.84083969904589
"177","4484022","Geen premaster","Sustainable Innovation",7.84285791135079
"178","4176287","Geen premaster","Sustainable Innovation",6.07497743501691
"179","4316259","Geen premaster","Sustainable Innovation",4.51462394023964
"180","4158978","Geen premaster","Sustainable Innovation",4.59498683954125
"181","4239142","Geen premaster","Sustainable Innovation",7.14123334688462
"182","4176447","Geen premaster","Sustainable Innovation",6.52019742823322
"183","4329191","Geen premaster","Sustainable Innovation",6.44877755190026
"184","4423985","Geen premaster","Sustainable Innovation",6.73772806261694
"185","4149008","Geen premaster","Sustainable Innovation",6.27216921604603
"186","4145330","Geen premaster","Sustainable Innovation",7.85112857286202
"187","4074152","Geen premaster","Sustainable Innovation",6.0771407550168
"188","4230277","Geen premaster","Sustainable Innovation",7.14748297925416
"189","4351813","Geen premaster","Sustainable Innovation",6.45334852541282
"190","4188612","Geen premaster","Sustainable Innovation",6.09247712709438
"191","4035819","Geen premaster","Sustainable Innovation",5.13609320000549
"192","4355261","Geen premaster","Sustainable Innovation",4.33357708480694
"193","4325049","Geen premaster","Sustainable Innovation",7.83568201195053
"194","4181850","Geen premaster","Sustainable Innovation",6.4261202394628
"195","4247196","Geen premaster","Sustainable Innovation",6.78749723473966
"196","4372783","Geen premaster","Sustainable Innovation",7.21022404250362
"197","4414959","Geen premaster","Sustainable Innovation",6.8484850123724
"198","4053604","Geen premaster","Sustainable Innovation",5.53048535905266
"199","4258739","Geen premaster","Sustainable Innovation",6.05081929122959
"200","4483524","Geen premaster","Sustainable Innovation",8.47010796902782
"201","4109282","Geen premaster","Sustainable Innovation",7.89250056856684
"202","4192039","Geen premaster","Sustainable Innovation",5.27632594472755
"203","4362397","Geen premaster","Sustainable Innovation",5.91784976344395
"204","4476021","Geen premaster","Sustainable Innovation",8.5853250373522
"205","4201713","Geen premaster","Sustainable Innovation",6.4015458884369
"206","4133022","Geen premaster","Sustainable Innovation",6.12131344321577
"207","4225313","Geen premaster","Sustainable Innovation",6.34926917405161
"208","4177837","Geen premaster","Sustainable Innovation",8.7373713228761
"209","4077570","Geen premaster","Sustainable Innovation",7.80582284699646
"210","4356727","Geen premaster","Sustainable Innovation",8.02263825327677
"211","4409603","Geen premaster","Sustainable Innovation",4.61532753436595
"212","4422719","Geen premaster","Sustainable Innovation",5.16848067022988
"213","4468774","Geen premaster","Sustainable Innovation",6.26405977074099
"214","4354337","Geen premaster","Sustainable Innovation",7.9831931007495
"215","4226064","Geen premaster","Sustainable Innovation",5.49694988382415
"216","4275453","Geen premaster","Sustainable Innovation",5.43421512813675
"217","4055270","Geen premaster","Sustainable Innovation",5.48428169206211
"218","4343165","Geen premaster","Sustainable Innovation",8.04652564512686
"219","4428507","Geen premaster","Sustainable Innovation",6.29770358761769
"220","4252248","Geen premaster","Sustainable Innovation",5.57903264441796
"221","4072537","Geen premaster","Sustainable Innovation",8.18029765893664
"222","4345637","Geen premaster","Sustainable Innovation",7.27237105524185
"223","4430095","Geen premaster","Sustainable Innovation",6.0672640707952
"224","4028822","Geen premaster","Sustainable Innovation",7.22752541364684
"225","4475936","Geen premaster","Sustainable Innovation",5.89920516010335
"226","4358952","Geen premaster","Sustainable Innovation",5.18603150038954
"227","4168144","Geen premaster","Sustainable Innovation",7.17668593878507
"228","4353017","Geen premaster","Sustainable Innovation",6.05710259789974
"229","4367254","Geen premaster","Sustainable Innovation",6.62686715893361
"230","4355355","Geen premaster","Sustainable Innovation",6.89820571417437
"231","4275685","Premaster","Organizational Change Management",8.42242378385705
"232","4347741","Premaster","Organizational Change Management",5.85239991567329
"233","4090501","Premaster","Organizational Change Management",5.73280134529053
"234","4017411","Premaster","Organizational Change Management",5.78444241848807
"235","4117757","Premaster","Organizational Change Management",7.55211200343814
"236","4060207","Premaster","Organizational Change Management",6.32123743659681
"237","4250036","Premaster","Organizational Change Management",6.72541373380128
"238","4396445","Premaster","Organizational Change Management",6.87995250378298
"239","4471848","Premaster","Organizational Change Management",7.54511413709143
"240","4429894","Premaster","Organizational Change Management",6.7738518829531
"241","4494423","Premaster","Organizational Change Management",6.52509125925538
"242","4049135","Premaster","Organizational Change Management",4.99900848324536
"243","4326888","Premaster","Organizational Change Management",7.47693425002388
"244","4248008","Premaster","Organizational Change Management",6.53890024956892
"245","4034135","Premaster","Organizational Change Management",4.97976932074452
"246","4045393","Premaster","Organizational Change Management",7.71877327656517
"247","4496435","Premaster","Organizational Change Management",7.07200014308741
"248","4307431","Premaster","Organizational Change Management",5.39549932554426
"249","4285080","Premaster","Organizational Change Management",6.46351004122656
"250","4473605","Premaster","Organizational Change Management",6.5700568534329
"251","4486818","Premaster","Organizational Change Management",8.01686210625446
"252","4112291","Premaster","Organizational Change Management",6.16259234601053
"253","4113851","Premaster","Organizational Change Management",7.41462244679414
"254","4172447","Premaster","Organizational Change Management",3.8633958305173
"255","4112273","Premaster","Organizational Change Management",6.18177509094403
"256","4413006","Premaster","Organizational Change Management",4.90163986756114
"257","4033311","Premaster","Organizational Change Management",9.22718786748259
"258","4046562","Premaster","Organizational Change Management",7.10724547196579
"259","4158760","Premaster","Organizational Change Management",7.25407449645049
"260","4485572","Premaster","Organizational Change Management",6.50904116393652
"261","4377827","Premaster","Organizational Change Management",6.45067539737728
"262","4382156","Premaster","Organizational Change Management",5.26638966894748
"263","4267405","Premaster","Organizational Change Management",5.77178226610805
"264","4326707","Premaster","Organizational Change Management",8.71821198433527
"265","4194712","Premaster","Organizational Change Management",5.72299806794907
"266","4380424","Premaster","Organizational Change Management",5.05005373436424
"267","4134680","Premaster","Organizational Change Management",4.99357792235698
"268","4145731","Premaster","Organizational Change Management",7.34238879324951
"269","4201767","Premaster","Organizational Change Management",6.279587150968
"270","4088516","Premaster","Organizational Change Management",6.84808490226311
"271","4135870","Premaster","Organizational Change Management",5.70993206609424
"272","4379763","Premaster","Organizational Change Management",7.05804392086913
"273","4290469","Premaster","Organizational Change Management",6.78351468586654
"274","4025371","Premaster","Organizational Change Management",4.91604146869168
"275","4086333","Premaster","Organizational Change Management",7.50524143177425
"276","4124816","Premaster","Organizational Change Management",7.63660923567131
"277","4276331","Premaster","Organizational Change Management",6.91814704013815
"278","4334183","Premaster","Organizational Change Management",5.85050327186625
"279","4279992","Premaster","Organizational Change Management",7.05986942104066
"280","4023612","Premaster","Organizational Change Management",6.43816401799757
"281","4064594","Premaster","Organizational Change Management",4.87614475979413
"282","4072901","Premaster","Organizational Change Management",5.48293822489721
"283","4207127","Premaster","Organizational Change Management",6.18013533405649
"284","4280625","Premaster","Organizational Change Management",5.61225927336297
"285","4174873","Premaster","Organizational Change Management",6.47484980348655
"286","4175971","Premaster","Organizational Change Management",7.44581065304886
"287","4234661","Premaster","Organizational Change Management",7.37761020428479
"288","4057718","Premaster","Organizational Change Management",6.87242611164372
"289","4320139","Premaster","Organizational Change Management",4.29048387143686
"290","4232818","Premaster","Organizational Change Management",5.97226258661499
"291","4139293","Premaster","Organizational Change Management",6.30566044066605
"292","4301951","Premaster","Organizational Change Management",6.40417654864925
"293","4110296","Premaster","Organizational Change Management",5.44749906782004
"294","4303104","Premaster","Organizational Change Management",6.72848056590126
"295","4226006","Premaster","Organizational Change Management",7.40520566914448
"296","4431942","Premaster","Organizational Change Management",6.25877428323802
"297","4190111","Premaster","Organizational Change Management",6.35566084067975
"298","4313626","Premaster","Organizational Change Management",7.19721801224816
"299","4162331","Premaster","Organizational Change Management",7.9429564302734
"300","4292741","Premaster","Organizational Change Management",5.49342998796605
"301","4399572","Premaster","Organizational Change Management",6.59815766216647
"302","4490239","Premaster","Organizational Change Management",6.01914491377186
"303","4474319","Premaster","Organizational Change Management",7.12565484913476
"304","4087663","Premaster","Organizational Change Management",7.33198368273996
"305","4002886","Premaster","Organizational Change Management",6.8262691541884
"306","4248391","Premaster","Organizational Change Management",5.75560849019939
"307","4366233","Premaster","Organizational Change Management",7.18303323088114
"308","4438445","Premaster","Organizational Change Management",6.47274602031843
"309","4069432","Premaster","Organizational Change Management",6.04518398914704
"310","4052640","Premaster","Organizational Change Management",7.45583344772314
"311","4355926","Geen premaster","Organizational Change Management",6.21747324384459
"312","4392356","Geen premaster","Organizational Change Management",6.93756282132704
"313","4357205","Geen premaster","Organizational Change Management",8.35400967806445
"314","4080049","Geen premaster","Organizational Change Management",6.38509946486236
"315","4417802","Geen premaster","Organizational Change Management",7.55436304530093
"316","4159403","Geen premaster","Organizational Change Management",5.95899064365789
"317","4289726","Geen premaster","Organizational Change Management",8.71667626445084
"318","4212745","Geen premaster","Organizational Change Management",6.48892384131467
"319","4277302","Geen premaster","Organizational Change Management",6.08074050974056
"320","4287561","Geen premaster","Organizational Change Management",6.5345264877661
"321","4473757","Geen premaster","Organizational Change Management",8.544412291459
"322","4270611","Geen premaster","Organizational Change Management",6.48295709769138
"323","4061979","Geen premaster","Organizational Change Management",6.88442929462723
"324","4228217","Geen premaster","Organizational Change Management",6.45404388360115
"325","4347642","Geen premaster","Organizational Change Management",6.40805895558335
"326","4135071","Geen premaster","Organizational Change Management",6.96369917151423
"327","4380985","Geen premaster","Organizational Change Management",5.73698272405296
"328","4472903","Geen premaster","Organizational Change Management",5.84744947789631
"329","4223843","Geen premaster","Organizational Change Management",6.09346765274445
"330","4137622","Geen premaster","Organizational Change Management",7.3393462644708
"331","4220740","Geen premaster","Organizational Change Management",6.981676730598
"332","4380919","Geen premaster","Organizational Change Management",8.21676078305153
"333","4095348","Geen premaster","Organizational Change Management",6.67344397532706
"334","4182233","Geen premaster","Organizational Change Management",7.03285481466036
"335","4419450","Geen premaster","Organizational Change Management",6.53661792568798
"336","4215652","Geen premaster","Organizational Change Management",7.50294456046915
"337","4435739","Geen premaster","Organizational Change Management",7.08082011447236
"338","4445539","Geen premaster","Organizational Change Management",6.61408012429359
"339","4352541","Geen premaster","Organizational Change Management",6.53614168885609
"340","4099618","Geen premaster","Organizational Change Management",3.77187680271438
"341","4211094","Geen premaster","Organizational Change Management",5.3255737077763
"342","4399864","Geen premaster","Organizational Change Management",8.14439872992906
"343","4261102","Geen premaster","Organizational Change Management",4.71145823232093
"344","4062542","Geen premaster","Organizational Change Management",6.56255422630113
"345","4481677","Geen premaster","Organizational Change Management",6.49231441125851
"346","4414179","Geen premaster","Organizational Change Management",7.40512669199048
"347","4176386","Geen premaster","Organizational Change Management",6.73678797307791
"348","4347630","Geen premaster","Organizational Change Management",6.02919091412382
"349","4439247","Geen premaster","Organizational Change Management",6.61017051808305
"350","4469134","Geen premaster","Organizational Change Management",6.90777530229868
"351","4205318","Geen premaster","Organizational Change Management",6.75344853785565
"352","4492873","Geen premaster","Organizational Change Management",6.37406721981269
"353","4187632","Geen premaster","Organizational Change Management",6.41280190445904
"354","4044090","Geen premaster","Organizational Change Management",7.20005144347514
"355","4046460","Geen premaster","Organizational Change Management",7.26762476355126
"356","4317583","Geen premaster","Organizational Change Management",7.99247968506019
"357","4219833","Geen premaster","Organizational Change Management",7.51768652888699
"358","4191246","Geen premaster","Organizational Change Management",7.80642640317056
"359","4023216","Geen premaster","Organizational Change Management",5.81913825775811
"360","4488531","Geen premaster","Organizational Change Management",7.58784485287943
"361","4307337","Geen premaster","Organizational Change Management",8.27706629696672
"362","4030687","Geen premaster","Organizational Change Management",8.14208238118614
"363","4179429","Geen premaster","Organizational Change Management",6.75106527753609
"364","4015621","Geen premaster","Organizational Change Management",6.99607668813817
"365","4312491","Geen premaster","Organizational Change Management",7.10706424212323
"366","4404433","Geen premaster","Organizational Change Management",7.11319777756579
"367","4104527","Geen premaster","Organizational Change Management",7.70640153689157
"368","4097116","Geen premaster","Organizational Change Management",8.76510995696636
"369","4003516","Geen premaster","Organizational Change Management",6.02056917325219
"370","4391828","Geen premaster","Organizational Change Management",5.93822513923855
"371","4457085","Geen premaster","Organizational Change Management",6.98898844864051
"372","4299573","Geen premaster","Organizational Change Management",7.18365263911997
"373","4483959","Geen premaster","Organizational Change Management",6.58945216298226
"374","4167966","Geen premaster","Organizational Change Management",5.56155658403822
"375","4209870","Geen premaster","Organizational Change Management",6.20803583794056
"376","4276898","Geen premaster","Organizational Change Management",8.42874707773574
"377","4227946","Geen premaster","Organizational Change Management",7.25738990053169
"378","4330552","Geen premaster","Organizational Change Management",7.37394170395915
"379","4425967","Geen premaster","Organizational Change Management",7.61218691514274
"380","4271684","Geen premaster","Organizational Change Management",5.95468316875824
"381","4429046","Geen premaster","Organizational Change Management",7.15103077017138
"382","4212756","Geen premaster","Organizational Change Management",6.91844743684433
"383","4440297","Geen premaster","Organizational Change Management",6.27090031548248
"384","4101355","Geen premaster","Organizational Change Management",7.29727027845294
"385","4036430","Geen premaster","Organizational Change Management",6.93067293871889
"386","4044023","Geen premaster","Organizational Change Management",5.9020785869409
"387","4098986","Geen premaster","Organizational Change Management",7.03140294561973
"388","4355628","Geen premaster","Organizational Change Management",6.14178232247079
"389","4387989","Geen premaster","Organizational Change Management",7.79594018928517
"390","4236226","Geen premaster","Organizational Change Management",6.78660291461974
"391","4362733","Geen premaster","Organizational Change Management",6.5899330230504
"392","4237697","Geen premaster","Organizational Change Management",6.96346785717247
"393","4347615","Geen premaster","Organizational Change Management",7.6771498495995
"394","4112674","Geen premaster","Organizational Change Management",7.23589606110592
"395","4023661","Geen premaster","Organizational Change Management",8.39643550149224
"396","4298319","Geen premaster","Organizational Change Management",7.36339531699603
"397","4484938","Geen premaster","Organizational Change Management",6.88549852049196
"398","4270358","Geen premaster","Organizational Change Management",7.31369747109985
"399","4344832","Geen premaster","Organizational Change Management",8.7007790975366
"400","4425960","Geen premaster","Organizational Change Management",6.1642765215564
"401","4438576","Geen premaster","Organizational Change Management",6.3162651241308
"402","4124214","Geen premaster","Organizational Change Management",6.32430886162169
"403","4063181","Geen premaster","Organizational Change Management",5.53276428674946
"404","4078160","Geen premaster","Organizational Change Management",5.6457507879535
"405","4138833","Geen premaster","Organizational Change Management",5.80930320695342
"406","4305745","Geen premaster","Organizational Change Management",8.72954891171153
"407","4484022","Geen premaster","Organizational Change Management",8.3689677073647
"408","4176287","Geen premaster","Organizational Change Management",7.0551675451872
"409","4316259","Geen premaster","Organizational Change Management",6.51533740321731
"410","4158978","Geen premaster","Organizational Change Management",6.96950348360706
"411","4239142","Geen premaster","Organizational Change Management",5.91469366706335
"412","4176447","Geen premaster","Organizational Change Management",9.75097081594039
"413","4329191","Geen premaster","Organizational Change Management",6.78865839593872
"414","4423985","Geen premaster","Organizational Change Management",6.38548877187142
"415","4149008","Geen premaster","Organizational Change Management",7.99254497347718
"416","4145330","Geen premaster","Organizational Change Management",9.14814547323148
"417","4074152","Geen premaster","Organizational Change Management",7.33234594574793
"418","4230277","Geen premaster","Organizational Change Management",6.17643440265628
"419","4351813","Geen premaster","Organizational Change Management",4.3315577323389
"420","4188612","Geen premaster","Organizational Change Management",6.7299415332135
"421","4035819","Geen premaster","Organizational Change Management",6.86049380527341
"422","4355261","Geen premaster","Organizational Change Management",6.88862509072675
"423","4325049","Geen premaster","Organizational Change Management",5.43012807169295
"424","4181850","Geen premaster","Organizational Change Management",7.19801803645876
"425","4247196","Geen premaster","Organizational Change Management",7.04662958811461
"426","4372783","Geen premaster","Organizational Change Management",6.84675011432698
"427","4414959","Geen premaster","Organizational Change Management",6.94954837836427
"428","4053604","Geen premaster","Organizational Change Management",7.08409241302437
"429","4258739","Geen premaster","Organizational Change Management",6.82186438979402
"430","4483524","Geen premaster","Organizational Change Management",6.40053772110859
"431","4109282","Geen premaster","Organizational Change Management",6.84461232786123
"432","4192039","Geen premaster","Organizational Change Management",7.4742486539704
"433","4362397","Geen premaster","Organizational Change Management",7.37324487098326
"434","4476021","Geen premaster","Organizational Change Management",7.04899296648187
"435","4201713","Geen premaster","Organizational Change Management",5.94438445309869
"436","4133022","Geen premaster","Organizational Change Management",8.70693067206642
"437","4225313","Geen premaster","Organizational Change Management",8.48894110612083
"438","4177837","Geen premaster","Organizational Change Management",6.61180202651027
"439","4077570","Geen premaster","Organizational Change Management",7.60944376828467
"440","4356727","Geen premaster","Organizational Change Management",7.05358734016143
"441","4409603","Geen premaster","Organizational Change Management",7.82831358113505
"442","4422719","Geen premaster","Organizational Change Management",8.46471812771652
"443","4468774","Geen premaster","Organizational Change Management",6.51108926547895
"444","4354337","Geen premaster","Organizational Change Management",5.99668212785825
"445","4226064","Geen premaster","Organizational Change Management",8.82857130585407
"446","4275453","Geen premaster","Organizational Change Management",7.14081409027153
"447","4055270","Geen premaster","Organizational Change Management",8.41779882010833
"448","4343165","Geen premaster","Organizational Change Management",7.13971547455035
"449","4428507","Geen premaster","Organizational Change Management",5.68766115668891
"450","4252248","Geen premaster","Organizational Change Management",7.20496517066299
"451","4072537","Geen premaster","Organizational Change Management",7.57560701693419
"452","4345637","Geen premaster","Organizational Change Management",5.96681915505581
"453","4430095","Geen premaster","Organizational Change Management",6.63416063369227
"454","4028822","Geen premaster","Organizational Change Management",8.2636455108892
"455","4475936","Geen premaster","Organizational Change Management",7.6680611936477
"456","4358952","Geen premaster","Organizational Change Management",6.13410164496084
"457","4168144","Geen premaster","Organizational Change Management",8.6362838879049
"458","4353017","Geen premaster","Organizational Change Management",7.5582659244042
"459","4367254","Geen premaster","Organizational Change Management",7.62604349845624
"460","4355355","Geen premaster","Organizational Change Management",6.08765856876925
"461","4275685","Premaster","Organizational Psychology",7.27752628740524
"462","4347741","Premaster","Organizational Psychology",7.66710896368185
"463","4090501","Premaster","Organizational Psychology",6.69919011287856
"464","4017411","Premaster","Organizational Psychology",6.59673932129746
"465","4117757","Premaster","Organizational Psychology",7.04578800760026
"466","4060207","Premaster","Organizational Psychology",5.04730029630576
"467","4250036","Premaster","Organizational Psychology",6.41785645289177
"468","4396445","Premaster","Organizational Psychology",5.74583167021163
"469","4471848","Premaster","Organizational Psychology",6.09095092968489
"470","4429894","Premaster","Organizational Psychology",7.04847925075075
"471","4494423","Premaster","Organizational Psychology",8.18288745570205
"472","4049135","Premaster","Organizational Psychology",7.45572965863068
"473","4326888","Premaster","Organizational Psychology",6.7095306916743
"474","4248008","Premaster","Organizational Psychology",6.47556790885914
"475","4034135","Premaster","Organizational Psychology",5.79717095525717
"476","4045393","Premaster","Organizational Psychology",6.60962623173799
"477","4496435","Premaster","Organizational Psychology",6.17525635375359
"478","4307431","Premaster","Organizational Psychology",7.60353648761282
"479","4285080","Premaster","Organizational Psychology",3.90913758897185
"480","4473605","Premaster","Organizational Psychology",6.66764991222079
"481","4486818","Premaster","Organizational Psychology",6.27561446226583
"482","4112291","Premaster","Organizational Psychology",9.71390219395935
"483","4113851","Premaster","Organizational Psychology",6.35781799836717
"484","4172447","Premaster","Organizational Psychology",7.09192329928217
"485","4112273","Premaster","Organizational Psychology",7.5099641245622
"486","4413006","Premaster","Organizational Psychology",6.10521509931734
"487","4033311","Premaster","Organizational Psychology",7.23726907708832
"488","4046562","Premaster","Organizational Psychology",6.71779322981556
"489","4158760","Premaster","Organizational Psychology",6.71415418543126
"490","4485572","Premaster","Organizational Psychology",8.71091269309368
"491","4377827","Premaster","Organizational Psychology",6.84694594538021
"492","4382156","Premaster","Organizational Psychology",5.05663609448408
"493","4267405","Premaster","Organizational Psychology",6.55258778354956
"494","4326707","Premaster","Organizational Psychology",7.28810488311829
"495","4194712","Premaster","Organizational Psychology",4.91179915499828
"496","4380424","Premaster","Organizational Psychology",9.15034906802815
"497","4134680","Premaster","Organizational Psychology",7.02188492406124
"498","4145731","Premaster","Organizational Psychology",6.23250154111961
"499","4201767","Premaster","Organizational Psychology",5.03301347985815
"500","4088516","Premaster","Organizational Psychology",5.37019896367057
"501","4135870","Premaster","Organizational Psychology",6.06057266770239
"502","4379763","Premaster","Organizational Psychology",5.12375416598221
"503","4290469","Premaster","Organizational Psychology",7.46535603352437
"504","4025371","Premaster","Organizational Psychology",6.77905652477906
"505","4086333","Premaster","Organizational Psychology",7.32380785771171
"506","4124816","Premaster","Organizational Psychology",8.13622558370437
"507","4276331","Premaster","Organizational Psychology",7.1081838969815
"508","4334183","Premaster","Organizational Psychology",6.14482460939305
"509","4279992","Premaster","Organizational Psychology",5.77783834809343
"510","4023612","Premaster","Organizational Psychology",7.5566613703261
"511","4064594","Premaster","Organizational Psychology",9.50781757829307
"512","4072901","Premaster","Organizational Psychology",7.53133066680401
"513","4207127","Premaster","Organizational Psychology",7.18490383120386
"514","4280625","Premaster","Organizational Psychology",5.50629718356808
"515","4174873","Premaster","Organizational Psychology",6.98065317023998
"516","4175971","Premaster","Organizational Psychology",6.48169935810643
"517","4234661","Premaster","Organizational Psychology",5.95976916939822
"518","4057718","Premaster","Organizational Psychology",7.27964435915794
"519","4320139","Premaster","Organizational Psychology",6.4684875072691
"520","4232818","Premaster","Organizational Psychology",5.62533451108221
"521","4139293","Premaster","Organizational Psychology",7.21835696951257
"522","4301951","Premaster","Organizational Psychology",7.91252318839241
"523","4110296","Premaster","Organizational Psychology",7.16318617173652
"524","4303104","Premaster","Organizational Psychology",7.26592345617353
"525","4226006","Premaster","Organizational Psychology",7.42618631997047
"526","4431942","Premaster","Organizational Psychology",8.09596590990344
"527","4190111","Premaster","Organizational Psychology",6.0400953343235
"528","4313626","Premaster","Organizational Psychology",7.39366639864361
"529","4162331","Premaster","Organizational Psychology",8.0906534787629
"530","4292741","Premaster","Organizational Psychology",6.07008407872886
"531","4399572","Premaster","Organizational Psychology",5.97137940224925
"532","4490239","Premaster","Organizational Psychology",5.6806700906445
"533","4474319","Premaster","Organizational Psychology",6.57973466796325
"534","4087663","Premaster","Organizational Psychology",6.08593461016312
"535","4002886","Premaster","Organizational Psychology",5.00710959152949
"536","4248391","Premaster","Organizational Psychology",6.61393802873385
"537","4366233","Premaster","Organizational Psychology",5.35236160792155
"538","4438445","Premaster","Organizational Psychology",5.01917966254185
"539","4069432","Premaster","Organizational Psychology",6.41009648596417
"540","4052640","Premaster","Organizational Psychology",5.53580962726245
"541","4355926","Geen premaster","Organizational Psychology",7.87926298619297
"542","4392356","Geen premaster","Organizational Psychology",6.78245202408159
"543","4357205","Geen premaster","Organizational Psychology",6.98357709818919
"544","4080049","Geen premaster","Organizational Psychology",7.8188594654823
"545","4417802","Geen premaster","Organizational Psychology",8.69290011856737
"546","4159403","Geen premaster","Organizational Psychology",7.11018210443579
"547","4289726","Geen premaster","Organizational Psychology",8.33380109295527
"548","4212745","Geen premaster","Organizational Psychology",8.89280506814691
"549","4277302","Geen premaster","Organizational Psychology",7.60043549615455
"550","4287561","Geen premaster","Organizational Psychology",5.84428633060173
"551","4473757","Geen premaster","Organizational Psychology",6.62455440261043
"552","4270611","Geen premaster","Organizational Psychology",6.14511204271762
"553","4061979","Geen premaster","Organizational Psychology",6.87362035709248
"554","4228217","Geen premaster","Organizational Psychology",7.38814755966338
"555","4347642","Geen premaster","Organizational Psychology",5.82684594966157
"556","4135071","Geen premaster","Organizational Psychology",7.19513939168747
"557","4380985","Geen premaster","Organizational Psychology",8.20290803373237
"558","4472903","Geen premaster","Organizational Psychology",8.76170459879865
"559","4223843","Geen premaster","Organizational Psychology",6.67216989740063
"560","4137622","Geen premaster","Organizational Psychology",9.5470193427124
"561","4220740","Geen premaster","Organizational Psychology",6.1853730669797
"562","4380919","Geen premaster","Organizational Psychology",5.42559914723387
"563","4095348","Geen premaster","Organizational Psychology",6.3432008843449
"564","4182233","Geen premaster","Organizational Psychology",7.51947783977733
"565","4419450","Geen premaster","Organizational Psychology",9.26723529310646
"566","4215652","Geen premaster","Organizational Psychology",7.07243675988099
"567","4435739","Geen premaster","Organizational Psychology",6.72881644045343
"568","4445539","Geen premaster","Organizational Psychology",8.43831203943673
"569","4352541","Geen premaster","Organizational Psychology",9.2158354229984
"570","4099618","Geen premaster","Organizational Psychology",7.05945224769078
"571","4211094","Geen premaster","Organizational Psychology",5.71691985912846
"572","4399864","Geen premaster","Organizational Psychology",6.7073276633437
"573","4261102","Geen premaster","Organizational Psychology",7.95848976110448
"574","4062542","Geen premaster","Organizational Psychology",8.41599409620931
"575","4481677","Geen premaster","Organizational Psychology",7.81623140412117
"576","4414179","Geen premaster","Organizational Psychology",6.5562125189484
"577","4176386","Geen premaster","Organizational Psychology",7.89457566819871
"578","4347630","Geen premaster","Organizational Psychology",6.70843490333139
"579","4439247","Geen premaster","Organizational Psychology",7.85756691002448
"580","4469134","Geen premaster","Organizational Psychology",7.11413898173103
"581","4205318","Geen premaster","Organizational Psychology",7.07511839443494
"582","4492873","Geen premaster","Organizational Psychology",6.87537856472814
"583","4187632","Geen premaster","Organizational Psychology",6.33142564791395
"584","4044090","Geen premaster","Organizational Psychology",7.29450932372251
"585","4046460","Geen premaster","Organizational Psychology",8.31076361795495
"586","4317583","Geen premaster","Organizational Psychology",6.6709671408079
"587","4219833","Geen premaster","Organizational Psychology",9.44744012490751
"588","4191246","Geen premaster","Organizational Psychology",7.04848738576679
"589","4023216","Geen premaster","Organizational Psychology",8.17177787991034
"590","4488531","Geen premaster","Organizational Psychology",7.52284216900936
"591","4307337","Geen premaster","Organizational Psychology",7.33142860639592
"592","4030687","Geen premaster","Organizational Psychology",7.93743090784439
"593","4179429","Geen premaster","Organizational Psychology",6.26538186824839
"594","4015621","Geen premaster","Organizational Psychology",5.68714425121646
"595","4312491","Geen premaster","Organizational Psychology",7.07382335213452
"596","4404433","Geen premaster","Organizational Psychology",8.1775522437723
"597","4104527","Geen premaster","Organizational Psychology",8.39712742644774
"598","4097116","Geen premaster","Organizational Psychology",7.78008392432347
"599","4003516","Geen premaster","Organizational Psychology",8.74659981636421
"600","4391828","Geen premaster","Organizational Psychology",8.57606332598247
"601","4457085","Geen premaster","Organizational Psychology",6.5491225153641
"602","4299573","Geen premaster","Organizational Psychology",6.02526540206191
"603","4483959","Geen premaster","Organizational Psychology",7.16743544321802
"604","4167966","Geen premaster","Organizational Psychology",8.49426099243553
"605","4209870","Geen premaster","Organizational Psychology",6.40297575133814
"606","4276898","Geen premaster","Organizational Psychology",7.26516510502453
"607","4227946","Geen premaster","Organizational Psychology",7.306809739414
"608","4330552","Geen premaster","Organizational Psychology",6.73411682344259
"609","4425967","Geen premaster","Organizational Psychology",5.6062089837209
"610","4271684","Geen premaster","Organizational Psychology",6.79020551061006
"611","4429046","Geen premaster","Organizational Psychology",5.87585539840927
"612","4212756","Geen premaster","Organizational Psychology",6.83659859535391
"613","4440297","Geen premaster","Organizational Psychology",7.89804289500888
"614","4101355","Geen premaster","Organizational Psychology",7.48669202555014
"615","4036430","Geen premaster","Organizational Psychology",7.14313894347198
"616","4044023","Geen premaster","Organizational Psychology",7.40957247917699
"617","4098986","Geen premaster","Organizational Psychology",8.06676311385135
"618","4355628","Geen premaster","Organizational Psychology",7.4629937558237
"619","4387989","Geen premaster","Organizational Psychology",7.13317355587239
"620","4236226","Geen premaster","Organizational Psychology",7.71094979746494
"621","4362733","Geen premaster","Organizational Psychology",6.4485784471973
"622","4237697","Geen premaster","Organizational Psychology",6.95316401659762
"623","4347615","Geen premaster","Organizational Psychology",7.661352396577
"624","4112674","Geen premaster","Organizational Psychology",7.54255576908935
"625","4023661","Geen premaster","Organizational Psychology",6.85432251588872
"626","4298319","Geen premaster","Organizational Psychology",8.07905264330416
"627","4484938","Geen premaster","Organizational Psychology",6.75469507836708
"628","4270358","Geen premaster","Organizational Psychology",8.24181774233083
"629","4344832","Geen premaster","Organizational Psychology",7.19990929183861
"630","4425960","Geen premaster","Organizational Psychology",7.40918716476475
"631","4438576","Geen premaster","Organizational Psychology",8.14855693830027
"632","4124214","Geen premaster","Organizational Psychology",6.01017821275351
"633","4063181","Geen premaster","Organizational Psychology",7.83460699844112
"634","4078160","Geen premaster","Organizational Psychology",8.53390240715815
"635","4138833","Geen premaster","Organizational Psychology",7.72134192037242
"636","4305745","Geen premaster","Organizational Psychology",7.22740010457836
"637","4484022","Geen premaster","Organizational Psychology",8.86523088376096
"638","4176287","Geen premaster","Organizational Psychology",5.48899905162152
"639","4316259","Geen premaster","Organizational Psychology",7.83069894695366
"640","4158978","Geen premaster","Organizational Psychology",4.30037785556356
"641","4239142","Geen premaster","Organizational Psychology",7.04579742747423
"642","4176447","Geen premaster","Organizational Psychology",7.06899436941483
"643","4329191","Geen premaster","Organizational Psychology",7.7023235088514
"644","4423985","Geen premaster","Organizational Psychology",7.76780768590833
"645","4149008","Geen premaster","Organizational Psychology",8.2293043830656
"646","4145330","Geen premaster","Organizational Psychology",7.10299663883965
"647","4074152","Geen premaster","Organizational Psychology",6.33935173950532
"648","4230277","Geen premaster","Organizational Psychology",7.43573305165645
"649","4351813","Geen premaster","Organizational Psychology",7.08262173601255
"650","4188612","Geen premaster","Organizational Psychology",8.13774882168162
"651","4035819","Geen premaster","Organizational Psychology",5.80614465903239
"652","4355261","Geen premaster","Organizational Psychology",7.45999925951182
"653","4325049","Geen premaster","Organizational Psychology",7.48557794820268
"654","4181850","Geen premaster","Organizational Psychology",8.22290088255682
"655","4247196","Geen premaster","Organizational Psychology",8.63300172556804
"656","4372783","Geen premaster","Organizational Psychology",7.30036897471874
"657","4414959","Geen premaster","Organizational Psychology",7.05546177939019
"658","4053604","Geen premaster","Organizational Psychology",7.79378940780741
"659","4258739","Geen premaster","Organizational Psychology",4.86743453470756
"660","4483524","Geen premaster","Organizational Psychology",6.63281660005359
"661","4109282","Geen premaster","Organizational Psychology",6.70605179874723
"662","4192039","Geen premaster","Organizational Psychology",8.04558075142455
"663","4362397","Geen premaster","Organizational Psychology",6.33075366496326
"664","4476021","Geen premaster","Organizational Psychology",6.56375999428917
"665","4201713","Geen premaster","Organizational Psychology",7.04131776857011
"666","4133022","Geen premaster","Organizational Psychology",7.2857541462279
"667","4225313","Geen premaster","Organizational Psychology",7.33405957686234
"668","4177837","Geen premaster","Organizational Psychology",7.53300666535611
"669","4077570","Geen premaster","Organizational Psychology",7.80340074567332
"670","4356727","Geen premaster","Organizational Psychology",6.37765131077285
"671","4409603","Geen premaster","Organizational Psychology",7.0936067708938
"672","4422719","Geen premaster","Organizational Psychology",8.7713789949885
"673","4468774","Geen premaster","Organizational Psychology",7.46821079560805
"674","4354337","Geen premaster","Organizational Psychology",8.21362712074719
"675","4226064","Geen premaster","Organizational Psychology",6.96958545253799
"676","4275453","Geen premaster","Organizational Psychology",6.12089103702945
"677","4055270","Geen premaster","Organizational Psychology",7.309324820804
"678","4343165","Geen premaster","Organizational Psychology",7.03320237734392
"679","4428507","Geen premaster","Organizational Psychology",6.74868382725744
"680","4252248","Geen premaster","Organizational Psychology",7.97718302551347
"681","4072537","Geen premaster","Organizational Psychology",7.70973537057221
"682","4345637","Geen premaster","Organizational Psychology",6.31329001978134
"683","4430095","Geen premaster","Organizational Psychology",8.55938835244982
"684","4028822","Geen premaster","Organizational Psychology",7.82682540040201
"685","4475936","Geen premaster","Organizational Psychology",8.56527311056481
"686","4358952","Geen premaster","Organizational Psychology",8.79089478102615
"687","4168144","Geen premaster","Organizational Psychology",9.24590923472653
"688","4353017","Geen premaster","Organizational Psychology",8.90791230811867
"689","4367254","Geen premaster","Organizational Psychology",5.76572763530561
"690","4355355","Geen premaster","Organizational Psychology",7.44670600724074
"691","4275685","Premaster","Thesis",6.49404456994173
"692","4347741","Premaster","Thesis",6.81689717969282
"693","4090501","Premaster","Thesis",6.8496277879282
"694","4017411","Premaster","Thesis",9.17497509525998
"695","4117757","Premaster","Thesis",6.77775277632454
"696","4060207","Premaster","Thesis",7.25094316855144
"697","4250036","Premaster","Thesis",7.88016356886279
"698","4396445","Premaster","Thesis",7.270284349243
"699","4471848","Premaster","Thesis",4.4757136609472
"700","4429894","Premaster","Thesis",7.26238490848045
"701","4494423","Premaster","Thesis",8.18117965484504
"702","4049135","Premaster","Thesis",7.41513251555433
"703","4326888","Premaster","Thesis",7.25534924440503
"704","4248008","Premaster","Thesis",6.58154761831018
"705","4034135","Premaster","Thesis",8.65328956454585
"706","4045393","Premaster","Thesis",7.0912633306878
"707","4496435","Premaster","Thesis",7.3519198137791
"708","4307431","Premaster","Thesis",7.57197704446398
"709","4285080","Premaster","Thesis",5.91878875972938
"710","4473605","Premaster","Thesis",7.19837044040084
"711","4486818","Premaster","Thesis",5.49864313930845
"712","4112291","Premaster","Thesis",8.84395397637697
"713","4113851","Premaster","Thesis",8.76943360605365
"714","4172447","Premaster","Thesis",7.72671400221333
"715","4112273","Premaster","Thesis",9.43481507357175
"716","4413006","Premaster","Thesis",7.21496156870495
"717","4033311","Premaster","Thesis",7.45576473064947
"718","4046562","Premaster","Thesis",7.05892152049412
"719","4158760","Premaster","Thesis",9.4683311513711
"720","4485572","Premaster","Thesis",7.37749229389191
"721","4377827","Premaster","Thesis",6.92935123237388
"722","4382156","Premaster","Thesis",7.27855401336851
"723","4267405","Premaster","Thesis",6.04737580264602
"724","4326707","Premaster","Thesis",7.48105752309143
"725","4194712","Premaster","Thesis",6.24081030818932
"726","4380424","Premaster","Thesis",7.72737189721939
"727","4134680","Premaster","Thesis",9.4131789020697
"728","4145731","Premaster","Thesis",8.546519173677
"729","4201767","Premaster","Thesis",7.30323063730855
"730","4088516","Premaster","Thesis",7.78705098603701
"731","4135870","Premaster","Thesis",7.47014339804591
"732","4379763","Premaster","Thesis",6.60048044721479
"733","4290469","Premaster","Thesis",7.68843449366806
"734","4025371","Premaster","Thesis",7.06468985058756
"735","4086333","Premaster","Thesis",7.00239624645568
"736","4124816","Premaster","Thesis",6.03339805404181
"737","4276331","Premaster","Thesis",5.86550008204747
"738","4334183","Premaster","Thesis",7.78020456622489
"739","4279992","Premaster","Thesis",7.08806671791697
"740","4023612","Premaster","Thesis",8.0652142047742
"741","4064594","Premaster","Thesis",7.26375190762988
"742","4072901","Premaster","Thesis",6.29647520844019
"743","4207127","Premaster","Thesis",6.70026770676137
"744","4280625","Premaster","Thesis",7.01621284839108
"745","4174873","Premaster","Thesis",7.41282611797701
"746","4175971","Premaster","Thesis",7.77285795091642
"747","4234661","Premaster","Thesis",7.22013890769372
"748","4057718","Premaster","Thesis",6.37958384315327
"749","4320139","Premaster","Thesis",7.19449862104711
"750","4232818","Premaster","Thesis",6.01465245785946
"751","4139293","Premaster","Thesis",8.0342816044573
"752","4301951","Premaster","Thesis",8.33163309352124
"753","4110296","Premaster","Thesis",6.33428933133434
"754","4303104","Premaster","Thesis",8.20465601135454
"755","4226006","Premaster","Thesis",6.45172343158617
"756","4431942","Premaster","Thesis",7.77396383118908
"757","4190111","Premaster","Thesis",8.10603268259593
"758","4313626","Premaster","Thesis",7.75450867225028
"759","4162331","Premaster","Thesis",7.66528410217271
"760","4292741","Premaster","Thesis",6.0021004723535
"761","4399572","Premaster","Thesis",6.93617072284136
"762","4490239","Premaster","Thesis",5.70545108233235
"763","4474319","Premaster","Thesis",7.05936310527696
"764","4087663","Premaster","Thesis",8.07747087560581
"765","4002886","Premaster","Thesis",7.87406349629643
"766","4248391","Premaster","Thesis",9.47587476719045
"767","4366233","Premaster","Thesis",9.66007212419675
"768","4438445","Premaster","Thesis",8.15531357418694
"769","4069432","Premaster","Thesis",6.96659689615809
"770","4052640","Premaster","Thesis",7.3431334812378
"771","4355926","Geen premaster","Thesis",7.87689427297094
"772","4392356","Geen premaster","Thesis",7.77742622623779
"773","4357205","Geen premaster","Thesis",8.64206551954959
"774","4080049","Geen premaster","Thesis",8.95934401953154
"775","4417802","Geen premaster","Thesis",8.84395502522733
"776","4159403","Geen premaster","Thesis",8.08288250991845
"777","4289726","Geen premaster","Thesis",8.58929707294731
"778","4212745","Geen premaster","Thesis",7.87979518456847
"779","4277302","Geen premaster","Thesis",7.97864775178484
"780","4287561","Geen premaster","Thesis",6.87590546617188
"781","4473757","Geen premaster","Thesis",6.82768142175656
"782","4270611","Geen premaster","Thesis",8.14361879982804
"783","4061979","Geen premaster","Thesis",9.57629720045485
"784","4228217","Geen premaster","Thesis",8.71898194575989
"785","4347642","Geen premaster","Thesis",9.96637993143165
"786","4135071","Geen premaster","Thesis",6.55907983815542
"787","4380985","Geen premaster","Thesis",7.39004429790003
"788","4472903","Geen premaster","Thesis",7.71685383218628
"789","4223843","Geen premaster","Thesis",7.0311460457259
"790","4137622","Geen premaster","Thesis",6.85639910004537
"791","4220740","Geen premaster","Thesis",7.44536316144678
"792","4380919","Geen premaster","Thesis",7.39880557574629
"793","4095348","Geen premaster","Thesis",7.45560682535739
"794","4182233","Geen premaster","Thesis",8.72440703660209
"795","4419450","Geen premaster","Thesis",7.04126814053225
"796","4215652","Geen premaster","Thesis",6.72389289922143
"797","4435739","Geen premaster","Thesis",9.67946388721785
"798","4445539","Geen premaster","Thesis",9.27535549535574
"799","4352541","Geen premaster","Thesis",6.51280923615797
"800","4099618","Geen premaster","Thesis",7.63771568787396
"801","4211094","Geen premaster","Thesis",7.73094977726822
"802","4399864","Geen premaster","Thesis",8.01935877272707
"803","4261102","Geen premaster","Thesis",7.43236837286094
"804","4062542","Geen premaster","Thesis",8.06525374417784
"805","4481677","Geen premaster","Thesis",7.08529375115342
"806","4414179","Geen premaster","Thesis",7.65702506021469
"807","4176386","Geen premaster","Thesis",7.02476344248129
"808","4347630","Geen premaster","Thesis",8.75625001390679
"809","4439247","Geen premaster","Thesis",8.74552682714548
"810","4469134","Geen premaster","Thesis",7.53366948640326
"811","4205318","Geen premaster","Thesis",6.50119038386153
"812","4492873","Geen premaster","Thesis",8.39682249622581
"813","4187632","Geen premaster","Thesis",6.88848579292461
"814","4044090","Geen premaster","Thesis",8.21232117158996
"815","4046460","Geen premaster","Thesis",7.704397205099
"816","4317583","Geen premaster","Thesis",8.08161591878027
"817","4219833","Geen premaster","Thesis",9.42950336454991
"818","4191246","Geen premaster","Thesis",9.44949968197121
"819","4023216","Geen premaster","Thesis",8.10040885122988
"820","4488531","Geen premaster","Thesis",8.04441906788872
"821","4307337","Geen premaster","Thesis",5.86620333201817
"822","4030687","Geen premaster","Thesis",7.11014739411347
"823","4179429","Geen premaster","Thesis",8.94875861077379
"824","4015621","Geen premaster","Thesis",8.38048018345433
"825","4312491","Geen premaster","Thesis",8.44849202670079
"826","4404433","Geen premaster","Thesis",8.31423811203644
"827","4104527","Geen premaster","Thesis",7.07956645313066
"828","4097116","Geen premaster","Thesis",7.82915794939115
"829","4003516","Geen premaster","Thesis",7.62378458274821
"830","4391828","Geen premaster","Thesis",7.9334236100606
"831","4457085","Geen premaster","Thesis",7.8398750900015
"832","4299573","Geen premaster","Thesis",9.82294708038623
"833","4483959","Geen premaster","Thesis",9.42274732002891
"834","4167966","Geen premaster","Thesis",7.72089796071362
"835","4209870","Geen premaster","Thesis",6.86975081199516
"836","4276898","Geen premaster","Thesis",10
"837","4227946","Geen premaster","Thesis",8.36526492822112
"838","4330552","Geen premaster","Thesis",9.49844511443161
"839","4425967","Geen premaster","Thesis",7.72398100891493
"840","4271684","Geen premaster","Thesis",8.13286355757289
"841","4429046","Geen premaster","Thesis",8.75835664538558
"842","4212756","Geen premaster","Thesis",7.20809504571718
"843","4440297","Geen premaster","Thesis",7.14746130350979
"844","4101355","Geen premaster","Thesis",8.04356342030613
"845","4036430","Geen premaster","Thesis",8.22683575974708
"846","4044023","Geen premaster","Thesis",6.81582705661409
"847","4098986","Geen premaster","Thesis",8.40550276290064
"848","4355628","Geen premaster","Thesis",8.04991583120662
"849","4387989","Geen premaster","Thesis",7.29371168886178
"850","4236226","Geen premaster","Thesis",6.65651765839053
"851","4362733","Geen premaster","Thesis",9.41215225101622
"852","4237697","Geen premaster","Thesis",6.79916593729855
"853","4347615","Geen premaster","Thesis",9.66864638050322
"854","4112674","Geen premaster","Thesis",9.11076385224125
"855","4023661","Geen premaster","Thesis",7.8904987396628
"856","4298319","Geen premaster","Thesis",7.53735947349878
"857","4484938","Geen premaster","Thesis",8.08720591737136
"858","4270358","Geen premaster","Thesis",7.45093804509823
"859","4344832","Geen premaster","Thesis",9.39905796369505
"860","4425960","Geen premaster","Thesis",6.17836362359197
"861","4438576","Geen premaster","Thesis",6.42042074558639
"862","4124214","Geen premaster","Thesis",10
"863","4063181","Geen premaster","Thesis",9.9060847412417
"864","4078160","Geen premaster","Thesis",5.49859521769216
"865","4138833","Geen premaster","Thesis",8.51915291857701
"866","4305745","Geen premaster","Thesis",5.53147738311636
"867","4484022","Geen premaster","Thesis",6.60089989405535
"868","4176287","Geen premaster","Thesis",7.6560727114363
"869","4316259","Geen premaster","Thesis",9.48817502823861
"870","4158978","Geen premaster","Thesis",9.93387211807216
"871","4239142","Geen premaster","Thesis",8.85902658424022
"872","4176447","Geen premaster","Thesis",8.86049570205997
"873","4329191","Geen premaster","Thesis",8.11533642945249
"874","4423985","Geen premaster","Thesis",9.63767624749299
"875","4149008","Geen premaster","Thesis",7.70195639488844
"876","4145330","Geen premaster","Thesis",8.40128380357101
"877","4074152","Geen premaster","Thesis",7.28459950713602
"878","4230277","Geen premaster","Thesis",8.04714746882313
"879","4351813","Geen premaster","Thesis",8.07854651862471
"880","4188612","Geen premaster","Thesis",9.65315605824
"881","4035819","Geen premaster","Thesis",7.63083630801095
"882","4355261","Geen premaster","Thesis",7.10387591970962
"883","4325049","Geen premaster","Thesis",8.28235698200453
"884","4181850","Geen premaster","Thesis",7.38009726476187
"885","4247196","Geen premaster","Thesis",8.8438532541079
"886","4372783","Geen premaster","Thesis",6.21924891963025
"887","4414959","Geen premaster","Thesis",7.95550728813868
"888","4053604","Geen premaster","Thesis",6.55317249977876
"889","4258739","Geen premaster","Thesis",7.26064338776961
"890","4483524","Geen premaster","Thesis",7.28079247468928
"891","4109282","Geen premaster","Thesis",8.58860192029542
"892","4192039","Geen premaster","Thesis",8.77281837820403
"893","4362397","Geen premaster","Thesis",10
"894","4476021","Geen premaster","Thesis",7.32371699161378
"895","4201713","Geen premaster","Thesis",8.21799157648909
"896","4133022","Geen premaster","Thesis",7.51014519431764
"897","4225313","Geen premaster","Thesis",8.49979005663966
"898","4177837","Geen premaster","Thesis",7.4181024468629
"899","4077570","Geen premaster","Thesis",6.284209528674
"900","4356727","Geen premaster","Thesis",7.74094698799631
"901","4409603","Geen premaster","Thesis",7.57387865120725
"902","4422719","Geen premaster","Thesis",7.93226561276193
"903","4468774","Geen premaster","Thesis",7.78003358858468
"904","4354337","Geen premaster","Thesis",8.02567843160539
"905","4226064","Geen premaster","Thesis",7.63192931216602
"906","4275453","Geen premaster","Thesis",7.54612671177703
"907","4055270","Geen premaster","Thesis",7.41993156971199
"908","4343165","Geen premaster","Thesis",6.59251943808721
"909","4428507","Geen premaster","Thesis",9.93666712436637
"910","4252248","Geen premaster","Thesis",8.09885045448327
"911","4072537","Geen premaster","Thesis",6.11127243542108
"912","4345637","Geen premaster","Thesis",7.10291020271417
"913","4430095","Geen premaster","Thesis",8.13882236678717
"914","4028822","Geen premaster","Thesis",7.35326047561744
"915","4475936","Geen premaster","Thesis",7.64352962106555
"916","4358952","Geen premaster","Thesis",7.84849951288328
"917","4168144","Geen premaster","Thesis",6.83091506336427
"918","4353017","Geen premaster","Thesis",8.28150786177474
"919","4367254","Geen premaster","Thesis",9.58394327172113
"920","4355355","Geen premaster","Thesis",7.57410482490017
